date,rank,title,artist
2025-01-04,1,All I Want For Christmas Is You,Mariah Carey
2025-01-04,1,Rockin' Around The Christmas Tree,Brenda Lee
2025-01-04,1,Last Christmas,Wham!
2025-01-04,71,Jingle Bell Rock,Bobby Helms
2025-01-04,1,Santa Tell Me,Ariana Grande
2025-01-04,1,A Holly Jolly Christmas,Burl Ives
2025-01-04,71,It's The Most Wonderful Time Of The Year,Andy Williams
2025-01-04,2,Let It Snow! Let It Snow! Let It Snow!,Dean Martin
2025-01-04,3,Underneath The Tree,Kelly Clarkson
2025-01-04,4,The Christmas Song (Merry Christmas To You),"Nat ""King"" Cole"
2025-01-04,5,Feliz Navidad,Jose Feliciano
2025-01-04,6,It's Beginning To Look A Lot Like Christmas,Michael Buble
2025-01-04,7,Sleigh Ride,The Ronettes
2025-01-04,8,Run Rudolph Run,Chuck Berry
2025-01-04,9,Christmas (Baby Please Come Home),Darlene Love
2025-01-04,10,It's Beginning To Look A Lot Like Christmas,Perry Como And The Fontane Sisters With Mitchell Ayres And His Orchestra
2025-01-04,11,Die With A Smile,Lady Gaga & Bruno Mars
2025-01-04,12,Jingle Bells,Frank Sinatra With The Orchestra & Chorus Of Gordon Jenkins
2025-01-04,13,White Christmas (1947),Bing Crosby With Ken Darby Singers & John Scott Trotter & His Orchestra
2025-01-04,14,Deck The Halls,Nat King Cole
2025-01-04,15,Blue Christmas,Elvis Presley
2025-01-04,16,Santa Baby,Eartha Kitt With Henri Rene And His Orchestra
2025-01-04,17,Here Comes Santa Claus (Right Down Santa Claus Lane),Gene Autry
2025-01-04,18,A Bar Song (Tipsy),Shaboozey
2025-01-04,19,Little Saint Nick,The Beach Boys
2025-01-04,20,Wonderful Christmastime,Paul McCartney
2025-01-04,21,Luther,Kendrick Lamar & SZA
2025-01-04,22,Birds Of A Feather,Billie Eilish
2025-01-04,23,Please Come Home For Christmas,Eagles
2025-01-04,24,Rudolph The Red-Nosed Reindeer,Gene Autry & The Pinafores
2025-01-04,25,Christmastime Is Here,Vince Guaraldi Trio
2025-01-04,26,TV Off,Kendrick Lamar Featuring Lefty Gunplay
2025-01-04,27,That's So True,Gracie Abrams
2025-01-04,28,APT.,ROSE & Bruno Mars
2025-01-04,29,This Christmas,Donny Hathaway
2025-01-04,30,Baby It's Cold Outside,Dean Martin
2025-01-04,31,Holly Jolly Christmas,Michael Buble
2025-01-04,32,Merry Christmas,Ed Sheeran & Elton John
2025-01-04,33,Like It's Christmas,Jonas Brothers
2025-01-04,34,"You're A Mean One, Mr. Grinch",Thurl Ravenscroft
2025-01-04,35,Taste,Sabrina Carpenter
2025-01-04,36,Mistletoe,Justin Bieber
2025-01-04,37,Snowman,Sia
2025-01-04,38,Squabble Up,Kendrick Lamar
2025-01-04,39,30 For 30,SZA With Kendrick Lamar
2025-01-04,40,Espresso,Sabrina Carpenter
2025-01-04,41,I Had Some Help,Post Malone Featuring Morgan Wallen
2025-01-04,42,Winter Wonderland,Darlene Love
2025-01-04,43,Happy Holiday / The Holiday Season,Andy Williams
2025-01-04,44,You Make It Feel Like Christmas,Gwen Stefani Featuring Blake Shelton
2025-01-04,45,Timeless,The Weeknd & Playboi Carti
2025-01-04,46,Sticky,"Tyler, The Creator Featuring GloRilla, Sexyy Red & Lil Wayne"
2025-01-04,47,Love Somebody,Morgan Wallen
2025-01-04,48,Whatchu Kno About Me,GloRilla & Sexyy Red
2025-01-04,49,BMF,SZA
2025-01-04,50,Christmas Magic,Laufey
2025-01-04,51,High Road,Koe Wetzel & Jessie Murph
2025-01-04,52,Sailor Song,Gigi Perez
2025-01-04,53,Drive,SZA
2025-01-04,54,Bed Chem,Sabrina Carpenter
2025-01-04,55,Messy,Lola Young
2025-01-04,56,Diamond Boy (DTM),SZA
2025-01-04,57,Scorsese Baby Daddy,SZA
2025-01-04,58,What Do I Do,SZA
2025-01-04,59,Wind Up Missin' You,Tucker Wetmore
2025-01-04,60,Like Him,"Tyler, The Creator Featuring Lola Young"
2025-01-04,61,Pink Pony Club,Chappell Roan
2025-01-04,62,Tu Boda,Oscar Maydon & Fuerza Regida
2025-01-04,63,No More Hiding,SZA
2025-01-04,64,Crybaby,SZA
2025-01-04,65,Kitchen,SZA
2025-01-04,66,I Never Lie,Zach Top
2025-01-04,67,Another Life,SZA
2025-01-04,68,No One Noticed,The Marias
2025-01-04,69,Defying Gravity,Cynthia Erivo Featuring Ariana Grande
2025-01-04,70,It's Ok I'm Ok,Tate McRae
2025-01-04,71,Indigo,Sam Barber Featuring Avery Anna
2025-01-04,72,Run Rudolph Run,Mark Ambor
2025-01-04,73,Love Me 4 Me,SZA
2025-01-04,74,Chill Baby,SZA
2025-01-04,75,My Turn,SZA
2025-01-04,76,Hey Now,Kendrick Lamar Featuring Dody6
2025-01-04,77,Que Pasaria...,Rauw Alejandro & Bad Bunny
2025-01-04,78,Liar,Jelly Roll
2025-01-04,79,Residuals,Chris Brown
2025-01-04,80,Help Me,Real Boston Richey
2025-01-04,81,I'm Gonna Love You,Cody Johnson & Carrie Underwood
2025-01-04,82,Holiday Road,Kesha
2025-01-04,83,Santa Baby,Laufey
2025-01-04,84,Wacced Out Murals,Kendrick Lamar
2025-01-04,85,Dancing In The Flames,The Weeknd
2025-01-04,86,Empty Out Your Pockets,Juice WRLD
2025-01-04,87,Heart Of A Woman,Summer Walker
2025-01-04,88,4x4xU,Lainey Wilson
2025-01-04,89,Good News,Shaboozey
2025-01-04,90,Dos Dias,Tito Double P & Peso Pluma
2025-01-04,91,25,Rod Wave
2025-01-04,92,Popular,Ariana Grande
2025-01-04,93,Think I'm In Love With You,Chris Stapleton
2025-01-04,94,Peekaboo,Kendrick Lamar Featuring AzChike
2025-01-11,1,Die With A Smile,Lady Gaga & Bruno Mars
2025-01-11,17,A Bar Song (Tipsy),Shaboozey
2025-01-11,1,Birds Of A Feather,Billie Eilish
2025-01-11,20,Lose Control,Teddy Swims
2025-01-11,17,APT.,ROSE & Bruno Mars
2025-01-11,1,That's So True,Gracie Abrams
2025-01-11,20,Luther,Kendrick Lamar & SZA
2025-01-11,2,I Had Some Help,Post Malone Featuring Morgan Wallen
2025-01-11,3,Espresso,Sabrina Carpenter
2025-01-11,4,Taste,Sabrina Carpenter
2025-01-11,5,TV Off,Kendrick Lamar Featuring Lefty Gunplay
2025-01-11,6,Beautiful Things,Benson Boone
2025-01-11,7,Love Somebody,Morgan Wallen
2025-01-11,8,Too Sweet,Hozier
2025-01-11,9,Timeless,The Weeknd & Playboi Carti
2025-01-11,10,Squabble Up,Kendrick Lamar
2025-01-11,11,"Good Luck, Babe!",Chappell Roan
2025-01-11,12,Sticky,"Tyler, The Creator Featuring GloRilla, Sexyy Red & Lil Wayne"
2025-01-11,13,Stargazing,Myles Smith
2025-01-11,14,Not Like Us,Kendrick Lamar
2025-01-11,15,Whatchu Kno About Me,GloRilla & Sexyy Red
2025-01-11,16,30 For 30,SZA With Kendrick Lamar
2025-01-11,17,High Road,Koe Wetzel & Jessie Murph
2025-01-11,18,Who,Jimin
2025-01-11,19,Messy,Lola Young
2025-01-11,20,Please Please Please,Sabrina Carpenter
2025-01-11,21,Smile,Morgan Wallen
2025-01-11,22,I Am Not Okay,Jelly Roll
2025-01-11,23,BMF,SZA
2025-01-11,24,Million Dollar Baby,Tommy Richman
2025-01-11,25,Wind Up Missin' You,Tucker Wetmore
2025-01-11,26,Bed Chem,Sabrina Carpenter
2025-01-11,27,Sailor Song,Gigi Perez
2025-01-11,28,Lies Lies Lies,Morgan Wallen
2025-01-11,29,Wildflower,Billie Eilish
2025-01-11,30,Pink Pony Club,Chappell Roan
2025-01-11,31,Like Him,"Tyler, The Creator Featuring Lola Young"
2025-01-11,32,I Never Lie,Zach Top
2025-01-11,33,Liar,Jelly Roll
2025-01-11,34,I'm Gonna Love You,Cody Johnson & Carrie Underwood
2025-01-11,35,Scorsese Baby Daddy,SZA
2025-01-11,36,Tu Boda,Oscar Maydon & Fuerza Regida
2025-01-11,37,"I Love You, I'm Sorry",Gracie Abrams
2025-01-11,38,It's Ok I'm Ok,Tate McRae
2025-01-11,39,4x4xU,Lainey Wilson
2025-01-11,40,No One Noticed,The Marias
2025-01-11,41,Good News,Shaboozey
2025-01-11,42,Indigo,Sam Barber Featuring Avery Anna
2025-01-11,43,Defying Gravity,Cynthia Erivo Featuring Ariana Grande
2025-01-11,44,Loco,Neton Vega
2025-01-11,45,Drive,SZA
2025-01-11,46,Que Pasaria...,Rauw Alejandro & Bad Bunny
2025-01-11,47,Think I'm In Love With You,Chris Stapleton
2025-01-11,48,Guy For That,Post Malone Featuring Luke Combs
2025-01-11,49,Dancing In The Flames,The Weeknd
2025-01-11,50,Hey Now,Kendrick Lamar Featuring Dody6
2025-01-11,51,Help Me,Real Boston Richey
2025-01-11,52,Residuals,Chris Brown
2025-01-11,53,Am I Okay?,Megan Moroney
2025-01-11,54,Diamond Boy (DTM),SZA
2025-01-11,55,I Ain't Sayin',Jordan Davis
2025-01-11,56,What Do I Do,SZA
2025-01-11,57,Heart Of A Woman,Summer Walker
2025-01-11,58,Another Life,SZA
2025-01-11,59,Bad Dreams,Teddy Swims
2025-01-11,60,No Pole,Don Toliver
2025-01-11,61,Empty Out Your Pockets,Juice WRLD
2025-01-11,62,Dos Dias,Tito Double P & Peso Pluma
2025-01-11,63,Close To You,Gracie Abrams
2025-01-11,64,Popular,Ariana Grande
2025-01-11,65,Crybaby,SZA
2025-01-11,66,Wacced Out Murals,Kendrick Lamar
2025-01-11,67,Diet Pepsi,Addison Rae
2025-01-11,68,Apple,Charli xcx
2025-01-11,69,Boys Back Home,Dylan Marlowe & Dylan Scott
2025-01-11,70,25,Rod Wave
2025-01-11,71,Kitchen,SZA
2025-01-11,72,Peekaboo,Kendrick Lamar Featuring AzChike
2025-01-11,73,Burning Down,Alex Warren
2025-01-11,74,Disease,Lady Gaga
2025-01-11,75,Shake Dat Ass (Twerk Song),BossMan Dlow
2025-01-11,76,Gang Baby,NLE Choppa
2025-01-11,77,Khe?,Rauw Alejandro & Romeo Santos
2025-01-11,78,Brokey,Latto
2025-01-11,79,Rosones,Tito Double P
2025-01-11,80,Juno,Sabrina Carpenter
2025-01-11,81,Nadie,Tito Double P
2025-01-11,82,What Is This Feeling?,Ariana Grande & Cynthia Erivo
2025-01-11,83,El Club,Bad Bunny
2025-01-11,84,Dodger Blue,"Kendrick Lamar Featuring Wallie the Sensei, Siete7x & Roddy Ricch"
2025-01-11,85,Pitorro de Coco,Bad Bunny
2025-01-11,86,The Largest,BigXthaPlug
2025-01-11,87,Wondering Why,The Red Clay Strays
2025-01-11,88,Ends Of The Earth,Ty Myers
2025-01-11,89,Chill Baby,SZA
2025-01-11,90,Holy Smokes,Bailey Zimmerman
2025-01-11,91,High Road,Zach Bryan
2025-01-11,92,On One Tonight,Gunna
2025-01-11,93,St. Chroma,"Tyler, The Creator Featuring Daniel Caesar"
2025-01-11,94,Cowboy Songs,George Birge
2025-01-18,1,Die With A Smile,Lady Gaga & Bruno Mars
2025-01-18,1,A Bar Song (Tipsy),Shaboozey
2025-01-18,1,Birds Of A Feather,Billie Eilish
2025-01-18,21,Smile,Morgan Wallen
2025-01-18,1,APT.,ROSE & Bruno Mars
2025-01-18,1,Lose Control,Teddy Swims
2025-01-18,21,Luther,Kendrick Lamar & SZA
2025-01-18,2,That's So True,Gracie Abrams
2025-01-18,3,I Had Some Help,Post Malone Featuring Morgan Wallen
2025-01-18,4,Espresso,Sabrina Carpenter
2025-01-18,5,TV Off,Kendrick Lamar Featuring Lefty Gunplay
2025-01-18,6,Taste,Sabrina Carpenter
2025-01-18,7,Love Somebody,Morgan Wallen
2025-01-18,8,Beautiful Things,Benson Boone
2025-01-18,9,Timeless,The Weeknd & Playboi Carti
2025-01-18,10,"Dum, Dumb, And Dumber","Lil Baby, Young Thug & Future"
2025-01-18,11,Too Sweet,Hozier
2025-01-18,12,Sticky,"Tyler, The Creator Featuring GloRilla, Sexyy Red & Lil Wayne"
2025-01-18,13,Squabble Up,Kendrick Lamar
2025-01-18,14,Stargazing,Myles Smith
2025-01-18,15,"Good Luck, Babe!",Chappell Roan
2025-01-18,16,30 For 30,SZA With Kendrick Lamar
2025-01-18,17,Not Like Us,Kendrick Lamar
2025-01-18,18,Messy,Lola Young
2025-01-18,19,High Road,Koe Wetzel & Jessie Murph
2025-01-18,20,Whatchu Kno About Me,GloRilla & Sexyy Red
2025-01-18,21,Nuevayol,Bad Bunny
2025-01-18,22,Baile Inolvidable,Bad Bunny
2025-01-18,23,Tweaker,GELO
2025-01-18,24,Sailor Song,Gigi Perez
2025-01-18,25,Wind Up Missin' You,Tucker Wetmore
2025-01-18,26,Please Please Please,Sabrina Carpenter
2025-01-18,27,I Am Not Okay,Jelly Roll
2025-01-18,28,BMF,SZA
2025-01-18,29,Bed Chem,Sabrina Carpenter
2025-01-18,30,Voy A Llevarte Pa PR,Bad Bunny
2025-01-18,31,El Club,Bad Bunny
2025-01-18,32,DTMF,Bad Bunny
2025-01-18,33,Who,Jimin
2025-01-18,34,Million Dollar Baby,Tommy Richman
2025-01-18,35,Wildflower,Billie Eilish
2025-01-18,36,Lies Lies Lies,Morgan Wallen
2025-01-18,37,Velda,"Bad Bunny, Omar Courtz & Dei V"
2025-01-18,38,By Myself,Lil Baby & Rylo Rodriguez Featuring Rod Wave
2025-01-18,39,Perfumito Nuevo,Bad Bunny & RaiNao
2025-01-18,40,Like Him,"Tyler, The Creator Featuring Lola Young"
2025-01-18,41,Pink Pony Club,Chappell Roan
2025-01-18,42,No One Noticed,The Marias
2025-01-18,43,Liar,Jelly Roll
2025-01-18,44,Outfit,Lil Baby & 21 Savage
2025-01-18,45,Stuff,Lil Baby Featuring Travis Scott
2025-01-18,46,Weltita,Bad Bunny & Chuwi
2025-01-18,47,Redbone,Lil Baby & GloRilla
2025-01-18,48,EOO,Bad Bunny
2025-01-18,49,I Never Lie,Zach Top
2025-01-18,50,I'm Gonna Love You,Cody Johnson & Carrie Underwood
2025-01-18,51,F U 2x,Lil Baby
2025-01-18,52,4x4xU,Lainey Wilson
2025-01-18,53,Ketu Tecre,Bad Bunny
2025-01-18,54,Pitorro de Coco,Bad Bunny
2025-01-18,55,Indigo,Sam Barber Featuring Avery Anna
2025-01-18,56,Loco,Neton Vega
2025-01-18,57,It's Ok I'm Ok,Tate McRae
2025-01-18,58,Good News,Shaboozey
2025-01-18,59,Listen Up,Lil Baby
2025-01-18,60,Kloufrens,Bad Bunny
2025-01-18,61,Defying Gravity,Cynthia Erivo Featuring Ariana Grande
2025-01-18,62,Tu Boda,Oscar Maydon & Fuerza Regida
2025-01-18,63,Bokete,Bad Bunny
2025-01-18,64,Scorsese Baby Daddy,SZA
2025-01-18,65,I Promise,Lil Baby
2025-01-18,66,Que Pasaria...,Rauw Alejandro & Bad Bunny
2025-01-18,67,Due 4A Win,Lil Baby
2025-01-18,68,So Sorry,Lil Baby
2025-01-18,69,Think I'm In Love With You,Chris Stapleton
2025-01-18,70,Denial Is A River,Doechii
2025-01-18,71,Turista,Bad Bunny
2025-01-18,72,Guy For That,Post Malone Featuring Luke Combs
2025-01-18,73,Residuals,Chris Brown
2025-01-18,74,No Pole,Don Toliver
2025-01-18,75,I Ain't Sayin',Jordan Davis
2025-01-18,76,Am I Okay?,Megan Moroney
2025-01-18,77,Cafe Con Ron,Bad Bunny & Los Pleneros de La Cresta
2025-01-18,78,Help Me,Real Boston Richey
2025-01-18,79,Bad Dreams,Teddy Swims
2025-01-18,80,Stiff Gang,Lil Baby
2025-01-18,81,Dancing In The Flames,The Weeknd
2025-01-18,82,Boys Back Home,Dylan Marlowe & Dylan Scott
2025-01-18,83,Heart Of A Woman,Summer Walker
2025-01-18,84,Peekaboo,Kendrick Lamar Featuring AzChike
2025-01-18,85,Drive,SZA
2025-01-18,86,Popular,Ariana Grande
2025-01-18,87,Hey Now,Kendrick Lamar Featuring Dody6
2025-01-18,88,Lo Que Le Paso A Hawaii,Bad Bunny
2025-01-18,89,La Mudanza,Bad Bunny
2025-01-18,90,Close To You,Gracie Abrams
2025-01-18,91,Diet Pepsi,Addison Rae
2025-01-18,92,Burning Down,Alex Warren
2025-01-18,93,Free Promo,Lil Baby
2025-01-18,94,Dos Dias,Tito Double P & Peso Pluma
2025-01-25,1,Die With A Smile,Lady Gaga & Bruno Mars
2025-01-25,1,DTMF,Bad Bunny
2025-01-25,1,Baile Inolvidable,Bad Bunny
2025-01-25,22,A Bar Song (Tipsy),Shaboozey
2025-01-25,1,APT.,ROSE & Bruno Mars
2025-01-25,1,Luther,Kendrick Lamar & SZA
2025-01-25,22,Birds Of A Feather,Billie Eilish
2025-01-25,2,Nuevayol,Bad Bunny
2025-01-25,3,Lose Control,Teddy Swims
2025-01-25,4,That's So True,Gracie Abrams
2025-01-25,5,I Had Some Help,Post Malone Featuring Morgan Wallen
2025-01-25,6,Taste,Sabrina Carpenter
2025-01-25,7,Espresso,Sabrina Carpenter
2025-01-25,8,Love Somebody,Morgan Wallen
2025-01-25,9,TV Off,Kendrick Lamar Featuring Lefty Gunplay
2025-01-25,10,Smile,Morgan Wallen
2025-01-25,11,Voy A Llevarte Pa PR,Bad Bunny
2025-01-25,12,Beautiful Things,Benson Boone
2025-01-25,13,Timeless,The Weeknd & Playboi Carti
2025-01-25,14,Squabble Up,Kendrick Lamar
2025-01-25,15,Sticky,"Tyler, The Creator Featuring GloRilla, Sexyy Red & Lil Wayne"
2025-01-25,16,Too Sweet,Hozier
2025-01-25,17,Velda,"Bad Bunny, Omar Courtz & Dei V"
2025-01-25,18,EOO,Bad Bunny
2025-01-25,19,Stargazing,Myles Smith
2025-01-25,20,30 For 30,SZA With Kendrick Lamar
2025-01-25,21,El Club,Bad Bunny
2025-01-25,22,"Good Luck, Babe!",Chappell Roan
2025-01-25,23,Messy,Lola Young
2025-01-25,24,Tweaker,GELO
2025-01-25,25,Perfumito Nuevo,Bad Bunny & RaiNao
2025-01-25,26,Weltita,Bad Bunny & Chuwi
2025-01-25,27,Not Like Us,Kendrick Lamar
2025-01-25,28,High Road,Koe Wetzel & Jessie Murph
2025-01-25,29,BMF,SZA
2025-01-25,30,Bed Chem,Sabrina Carpenter
2025-01-25,31,Whatchu Kno About Me,GloRilla & Sexyy Red
2025-01-25,32,Ketu Tecre,Bad Bunny
2025-01-25,33,Sailor Song,Gigi Perez
2025-01-25,34,Kloufrens,Bad Bunny
2025-01-25,35,Who,Jimin
2025-01-25,36,Bokete,Bad Bunny
2025-01-25,37,I Am Not Okay,Jelly Roll
2025-01-25,38,Wind Up Missin' You,Tucker Wetmore
2025-01-25,39,Turista,Bad Bunny
2025-01-25,40,No One Noticed,The Marias
2025-01-25,41,Please Please Please,Sabrina Carpenter
2025-01-25,42,Cafe Con Ron,Bad Bunny & Los Pleneros de La Cresta
2025-01-25,43,Wildflower,Billie Eilish
2025-01-25,44,Pitorro de Coco,Bad Bunny
2025-01-25,45,La Mudanza,Bad Bunny
2025-01-25,46,Liar,Jelly Roll
2025-01-25,47,I Never Lie,Zach Top
2025-01-25,48,Like Him,"Tyler, The Creator Featuring Lola Young"
2025-01-25,49,Pink Pony Club,Chappell Roan
2025-01-25,50,Loco,Neton Vega
2025-01-25,51,Que Pasaria...,Rauw Alejandro & Bad Bunny
2025-01-25,52,Indigo,Sam Barber Featuring Avery Anna
2025-01-25,53,Are You Even Real,Teddy Swims & GIVEON
2025-01-25,54,I'm Gonna Love You,Cody Johnson & Carrie Underwood
2025-01-25,55,"Dum, Dumb, And Dumber","Lil Baby, Young Thug & Future"
2025-01-25,56,Lo Que Le Paso A Hawaii,Bad Bunny
2025-01-25,57,4x4xU,Lainey Wilson
2025-01-25,58,Bad Dreams,Teddy Swims
2025-01-25,59,Denial Is A River,Doechii
2025-01-25,60,Tu Boda,Oscar Maydon & Fuerza Regida
2025-01-25,61,Good News,Shaboozey
2025-01-25,62,Think I'm In Love With You,Chris Stapleton
2025-01-25,63,Guy For That,Post Malone Featuring Luke Combs
2025-01-25,64,I Ain't Sayin',Jordan Davis
2025-01-25,65,Defying Gravity,Cynthia Erivo Featuring Ariana Grande
2025-01-25,66,No Pole,Don Toliver
2025-01-25,67,It's Ok I'm Ok,Tate McRae
2025-01-25,68,Am I Okay?,Megan Moroney
2025-01-25,69,Scorsese Baby Daddy,SZA
2025-01-25,70,Residuals,Chris Brown
2025-01-25,71,Heart Of A Woman,Summer Walker
2025-01-25,72,Help Me,Real Boston Richey
2025-01-25,73,Peekaboo,Kendrick Lamar Featuring AzChike
2025-01-25,74,Diet Pepsi,Addison Rae
2025-01-25,75,Popular,Ariana Grande
2025-01-25,76,Boys Back Home,Dylan Marlowe & Dylan Scott
2025-01-25,77,Stuff,Lil Baby Featuring Travis Scott
2025-01-25,78,Rosones,Tito Double P
2025-01-25,79,Nadie,Tito Double P
2025-01-25,80,Khe?,Rauw Alejandro & Romeo Santos
2025-01-25,81,Dos Dias,Tito Double P & Peso Pluma
2025-01-25,82,Hey Now,Kendrick Lamar Featuring Dody6
2025-01-25,83,By Myself,Lil Baby & Rylo Rodriguez Featuring Rod Wave
2025-01-25,84,Burning Down,Alex Warren
2025-01-25,85,Bigger Houses,Dan + Shay
2025-01-25,86,The Largest,BigXthaPlug
2025-01-25,87,Drive,SZA
2025-01-25,88,F U 2x,Lil Baby
2025-01-25,89,25,Rod Wave
2025-01-25,90,Dancing In The Flames,The Weeknd
2025-01-25,91,The Days,CHRYSTAL
2025-01-25,92,Outfit,Lil Baby & 21 Savage
2025-01-25,93,Forever Young,"David Guetta, Alphaville & Ava Max"
2025-01-25,94,Headlock,Imogen Heap
2025-02-01,1,Die With A Smile,Lady Gaga & Bruno Mars
2025-02-01,1,DTMF,Bad Bunny
2025-02-01,1,APT.,ROSE & Bruno Mars
2025-02-01,23,A Bar Song (Tipsy),Shaboozey
2025-02-01,1,Luther,Kendrick Lamar & SZA
2025-02-01,1,Birds Of A Feather,Billie Eilish
2025-02-01,23,Lose Control,Teddy Swims
2025-02-01,2,That's So True,Gracie Abrams
2025-02-01,3,Baile Inolvidable,Bad Bunny
2025-02-01,4,Love Somebody,Morgan Wallen
2025-02-01,5,Espresso,Sabrina Carpenter
2025-02-01,6,I Had Some Help,Post Malone Featuring Morgan Wallen
2025-02-01,7,TV Off,Kendrick Lamar Featuring Lefty Gunplay
2025-02-01,8,Taste,Sabrina Carpenter
2025-02-01,9,Nuevayol,Bad Bunny
2025-02-01,10,Beautiful Things,Benson Boone
2025-02-01,11,Timeless,The Weeknd & Playboi Carti
2025-02-01,12,Smile,Morgan Wallen
2025-02-01,13,Sticky,"Tyler, The Creator Featuring GloRilla, Sexyy Red & Lil Wayne"
2025-02-01,14,Too Sweet,Hozier
2025-02-01,15,Squabble Up,Kendrick Lamar
2025-02-01,16,Stargazing,Myles Smith
2025-02-01,17,30 For 30,SZA With Kendrick Lamar
2025-02-01,18,Messy,Lola Young
2025-02-01,19,Who,Jimin
2025-02-01,20,Voy A Llevarte Pa PR,Bad Bunny
2025-02-01,21,"Good Luck, Babe!",Chappell Roan
2025-02-01,22,High Road,Koe Wetzel & Jessie Murph
2025-02-01,23,Not Like Us,Kendrick Lamar
2025-02-01,24,EOO,Bad Bunny
2025-02-01,25,BMF,SZA
2025-02-01,26,Whatchu Kno About Me,GloRilla & Sexyy Red
2025-02-01,27,Sailor Song,Gigi Perez
2025-02-01,28,Velda,"Bad Bunny, Omar Courtz & Dei V"
2025-02-01,29,Bed Chem,Sabrina Carpenter
2025-02-01,30,El Club,Bad Bunny
2025-02-01,31,No One Noticed,The Marias
2025-02-01,32,Tweaker,GELO
2025-02-01,33,Weltita,Bad Bunny & Chuwi
2025-02-01,34,I Am Not Okay,Jelly Roll
2025-02-01,35,Liar,Jelly Roll
2025-02-01,36,Wildflower,Billie Eilish
2025-02-01,37,Loco,Neton Vega
2025-02-01,38,Perfumito Nuevo,Bad Bunny & RaiNao
2025-02-01,39,Please Please Please,Sabrina Carpenter
2025-02-01,40,Pink Pony Club,Chappell Roan
2025-02-01,41,Wind Up Missin' You,Tucker Wetmore
2025-02-01,42,I Never Lie,Zach Top
2025-02-01,43,Indigo,Sam Barber Featuring Avery Anna
2025-02-01,44,Kloufrens,Bad Bunny
2025-02-01,45,I'm Gonna Love You,Cody Johnson & Carrie Underwood
2025-02-01,46,4x4xU,Lainey Wilson
2025-02-01,47,Ketu Tecre,Bad Bunny
2025-02-01,48,Like Him,"Tyler, The Creator Featuring Lola Young"
2025-02-01,49,Que Pasaria...,Rauw Alejandro & Bad Bunny
2025-02-01,50,Denial Is A River,Doechii
2025-02-01,51,Bad Dreams,Teddy Swims
2025-02-01,52,Cafe Con Ron,Bad Bunny & Los Pleneros de La Cresta
2025-02-01,53,Bokete,Bad Bunny
2025-02-01,54,Tu Boda,Oscar Maydon & Fuerza Regida
2025-02-01,55,Turista,Bad Bunny
2025-02-01,56,Good News,Shaboozey
2025-02-01,57,Think I'm In Love With You,Chris Stapleton
2025-02-01,58,I Ain't Sayin',Jordan Davis
2025-02-01,59,Pitorro de Coco,Bad Bunny
2025-02-01,60,La Mudanza,Bad Bunny
2025-02-01,61,Guy For That,Post Malone Featuring Luke Combs
2025-02-01,62,No Pole,Don Toliver
2025-02-01,63,"Dum, Dumb, And Dumber","Lil Baby, Young Thug & Future"
2025-02-01,64,Am I Okay?,Megan Moroney
2025-02-01,65,Diet Pepsi,Addison Rae
2025-02-01,66,Heart Of A Woman,Summer Walker
2025-02-01,67,Lo Que Le Paso A Hawaii,Bad Bunny
2025-02-01,68,Are You Even Real,Teddy Swims & GIVEON
2025-02-01,69,Help Me,Real Boston Richey
2025-02-01,70,Rosones,Tito Double P
2025-02-01,71,Funny Papers,Mac Miller
2025-02-01,72,Nadie,Tito Double P
2025-02-01,73,Peekaboo,Kendrick Lamar Featuring AzChike
2025-02-01,74,Defying Gravity,Cynthia Erivo Featuring Ariana Grande
2025-02-01,75,Dos Dias,Tito Double P & Peso Pluma
2025-02-01,76,The Largest,BigXthaPlug
2025-02-01,77,Burning Down,Alex Warren
2025-02-01,78,The Days,CHRYSTAL
2025-02-01,79,5 Dollar Pony Rides,Mac Miller
2025-02-01,80,Khe?,Rauw Alejandro & Romeo Santos
2025-02-01,81,It's Ok I'm Ok,Tate McRae
2025-02-01,82,Push 2 Start,Tyla
2025-02-01,83,Scorsese Baby Daddy,SZA
2025-02-01,84,Hey Now,Kendrick Lamar Featuring Dody6
2025-02-01,85,Boys Back Home,Dylan Marlowe & Dylan Scott
2025-02-01,86,GBP,Central Cee Featuring 21 Savage
2025-02-01,87,Forever Young,"David Guetta, Alphaville & Ava Max"
2025-02-01,88,Popular,Ariana Grande
2025-02-01,89,DJ's Chord Organ,Mac Miller Featuring SZA
2025-02-01,90,25,Rod Wave
2025-02-01,91,Stoned,Mac Miller
2025-02-01,92,Headlock,Imogen Heap
2025-02-01,93,Stuff,Lil Baby Featuring Travis Scott
2025-02-01,94,Wondering Why,The Red Clay Strays
2025-02-08,1,4X4,Travis Scott
2025-02-08,-,Die With A Smile,Lady Gaga & Bruno Mars
2025-02-08,1,APT.,ROSE & Bruno Mars
2025-02-08,1,Luther,Kendrick Lamar & SZA
2025-02-08,-,A Bar Song (Tipsy),Shaboozey
2025-02-08,1,Lose Control,Teddy Swims
2025-02-08,1,Birds Of A Feather,Billie Eilish
2025-02-08,2,DTMF,Bad Bunny
2025-02-08,3,That's So True,Gracie Abrams
2025-02-08,4,Love Somebody,Morgan Wallen
2025-02-08,5,TV Off,Kendrick Lamar Featuring Lefty Gunplay
2025-02-08,6,I Had Some Help,Post Malone Featuring Morgan Wallen
2025-02-08,7,Espresso,Sabrina Carpenter
2025-02-08,8,Messy,Lola Young
2025-02-08,9,Beautiful Things,Benson Boone
2025-02-08,10,Baile Inolvidable,Bad Bunny
2025-02-08,11,Fat Juicy & Wet,Sexyy Red & Bruno Mars
2025-02-08,12,Timeless,The Weeknd & Playboi Carti
2025-02-08,13,Taste,Sabrina Carpenter
2025-02-08,14,30 For 30,SZA With Kendrick Lamar
2025-02-08,15,Sports Car,Tate McRae
2025-02-08,16,Smile,Morgan Wallen
2025-02-08,17,Squabble Up,Kendrick Lamar
2025-02-08,18,Too Sweet,Hozier
2025-02-08,19,Sticky,"Tyler, The Creator Featuring GloRilla, Sexyy Red & Lil Wayne"
2025-02-08,20,Stargazing,Myles Smith
2025-02-08,21,Nuevayol,Bad Bunny
2025-02-08,22,High Road,Koe Wetzel & Jessie Murph
2025-02-08,23,Not Like Us,Kendrick Lamar
2025-02-08,24,"Good Luck, Babe!",Chappell Roan
2025-02-08,25,Who,Jimin
2025-02-08,26,BMF,SZA
2025-02-08,27,Whatchu Kno About Me,GloRilla & Sexyy Red
2025-02-08,28,Sailor Song,Gigi Perez
2025-02-08,29,Voy A Llevarte Pa PR,Bad Bunny
2025-02-08,30,Bed Chem,Sabrina Carpenter
2025-02-08,31,No One Noticed,The Marias
2025-02-08,32,Liar,Jelly Roll
2025-02-08,33,EOO,Bad Bunny
2025-02-08,34,Residuals,Chris Brown
2025-02-08,35,I Am Not Okay,Jelly Roll
2025-02-08,36,Bad Dreams,Teddy Swims
2025-02-08,37,Loco,Neton Vega
2025-02-08,38,I Never Lie,Zach Top
2025-02-08,39,Pink Pony Club,Chappell Roan
2025-02-08,40,Wildflower,Billie Eilish
2025-02-08,41,Velda,"Bad Bunny, Omar Courtz & Dei V"
2025-02-08,42,Tweaker,GELO
2025-02-08,43,Please Please Please,Sabrina Carpenter
2025-02-08,44,Indigo,Sam Barber Featuring Avery Anna
2025-02-08,45,El Club,Bad Bunny
2025-02-08,46,4x4xU,Lainey Wilson
2025-02-08,47,I'm Gonna Love You,Cody Johnson & Carrie Underwood
2025-02-08,48,Like Him,"Tyler, The Creator Featuring Lola Young"
2025-02-08,49,Denial Is A River,Doechii
2025-02-08,50,Weltita,Bad Bunny & Chuwi
2025-02-08,51,Good News,Shaboozey
2025-02-08,52,Haunted,Kane Brown With Jelly Roll
2025-02-08,53,I Ain't Sayin',Jordan Davis
2025-02-08,54,Think I'm In Love With You,Chris Stapleton
2025-02-08,55,Que Pasaria...,Rauw Alejandro & Bad Bunny
2025-02-08,56,Perfumito Nuevo,Bad Bunny & RaiNao
2025-02-08,57,Are You Even Real,Teddy Swims & GIVEON
2025-02-08,58,Kloufrens,Bad Bunny
2025-02-08,59,Tu Boda,Oscar Maydon & Fuerza Regida
2025-02-08,60,Diet Pepsi,Addison Rae
2025-02-08,61,Guy For That,Post Malone Featuring Luke Combs
2025-02-08,62,Am I Okay?,Megan Moroney
2025-02-08,63,Ketu Tecre,Bad Bunny
2025-02-08,64,Heart Of A Woman,Summer Walker
2025-02-08,65,The Largest,BigXthaPlug
2025-02-08,66,No Pole,Don Toliver
2025-02-08,67,Blue Jean Baby,Zach Bryan
2025-02-08,68,It's Ok I'm Ok,Tate McRae
2025-02-08,69,Help Me,Real Boston Richey
2025-02-08,70,Peekaboo,Kendrick Lamar Featuring AzChike
2025-02-08,71,"Dum, Dumb, And Dumber","Lil Baby, Young Thug & Future"
2025-02-08,72,Cafe Con Ron,Bad Bunny & Los Pleneros de La Cresta
2025-02-08,73,Backseat Driver,Kane Brown
2025-02-08,74,Bokete,Bad Bunny
2025-02-08,75,GBP,Central Cee Featuring 21 Savage
2025-02-08,76,Turista,Bad Bunny
2025-02-08,77,The Days,CHRYSTAL
2025-02-08,78,Burning Down,Alex Warren
2025-02-08,79,Weren't For The Wind,Ella Langley
2025-02-08,80,Nadie,Tito Double P
2025-02-08,81,Rosones,Tito Double P
2025-02-08,82,Hey Now,Kendrick Lamar Featuring Dody6
2025-02-08,83,Push 2 Start,Tyla
2025-02-08,84,Forever Young,"David Guetta, Alphaville & Ava Max"
2025-02-08,85,Headlock,Imogen Heap
2025-02-08,86,La Mudanza,Bad Bunny
2025-02-08,87,Holy Smokes,Bailey Zimmerman
2025-02-08,88,Pitorro de Coco,Bad Bunny
2025-02-08,89,Defying Gravity,Cynthia Erivo Featuring Ariana Grande
2025-02-08,90,Khe?,Rauw Alejandro & Romeo Santos
2025-02-08,91,Me Jalo,Fuerza Regida & Grupo Frontera
2025-02-08,92,Wondering Why,The Red Clay Strays
2025-02-08,93,Boys Back Home,Dylan Marlowe & Dylan Scott
2025-02-08,94,Mutt,Leon Thomas
2025-02-15,1,Die With A Smile,Lady Gaga & Bruno Mars
2025-02-15,2,I'm The Problem,Morgan Wallen
2025-02-15,1,Luther,Kendrick Lamar & SZA
2025-02-15,25,Birds Of A Feather,Billie Eilish
2025-02-15,2,A Bar Song (Tipsy),Shaboozey
2025-02-15,1,APT.,ROSE & Bruno Mars
2025-02-15,25,Timeless,The Weeknd & Playboi Carti
2025-02-15,2,Lose Control,Teddy Swims
2025-02-15,3,Beautiful Things,Benson Boone
2025-02-15,4,TV Off,Kendrick Lamar Featuring Lefty Gunplay
2025-02-15,5,Love Somebody,Morgan Wallen
2025-02-15,6,Cry For Me,The Weeknd
2025-02-15,7,That's So True,Gracie Abrams
2025-02-15,8,Espresso,Sabrina Carpenter
2025-02-15,9,Not Like Us,Kendrick Lamar
2025-02-15,10,I Had Some Help,Post Malone Featuring Morgan Wallen
2025-02-15,11,DTMF,Bad Bunny
2025-02-15,12,Pink Pony Club,Chappell Roan
2025-02-15,13,Messy,Lola Young
2025-02-15,14,Squabble Up,Kendrick Lamar
2025-02-15,15,Taste,Sabrina Carpenter
2025-02-15,16,30 For 30,SZA With Kendrick Lamar
2025-02-15,17,"Good Luck, Babe!",Chappell Roan
2025-02-15,18,Too Sweet,Hozier
2025-02-15,19,Stargazing,Myles Smith
2025-02-15,20,Baile Inolvidable,Bad Bunny
2025-02-15,21,Denial Is A River,Doechii
2025-02-15,22,Sticky,"Tyler, The Creator Featuring GloRilla, Sexyy Red & Lil Wayne"
2025-02-15,23,Abracadabra,Lady Gaga
2025-02-15,24,Smile,Morgan Wallen
2025-02-15,25,High Road,Koe Wetzel & Jessie Murph
2025-02-15,26,Wildflower,Billie Eilish
2025-02-15,27,Sports Car,Tate McRae
2025-02-15,28,Fat Juicy & Wet,Sexyy Red & Bruno Mars
2025-02-15,29,Sailor Song,Gigi Perez
2025-02-15,30,Who,Jimin
2025-02-15,31,Nuevayol,Bad Bunny
2025-02-15,32,Bed Chem,Sabrina Carpenter
2025-02-15,33,Whatchu Kno About Me,GloRilla & Sexyy Red
2025-02-15,34,No One Noticed,The Marias
2025-02-15,35,Again,Fetty Wap
2025-02-15,36,BMF,SZA
2025-02-15,37,Sao Paulo,The Weeknd & Anitta
2025-02-15,38,Liar,Jelly Roll
2025-02-15,39,Wake Me Up,The Weeknd & Justice
2025-02-15,40,Baptized In Fear,The Weeknd
2025-02-15,41,Please Please Please,Sabrina Carpenter
2025-02-15,42,Open Hearts,The Weeknd
2025-02-15,43,Loco,Neton Vega
2025-02-15,44,I Never Lie,Zach Top
2025-02-15,45,Tweaker,GELO
2025-02-15,46,Residuals,Chris Brown
2025-02-15,47,Reflections Laughing,"The Weeknd, Travis Scott & Florence + The Machine"
2025-02-15,48,4x4xU,Lainey Wilson
2025-02-15,49,Voy A Llevarte Pa PR,Bad Bunny
2025-02-15,50,Indigo,Sam Barber Featuring Avery Anna
2025-02-15,51,4X4,Travis Scott
2025-02-15,52,I'm Gonna Love You,Cody Johnson & Carrie Underwood
2025-02-15,53,EOO,Bad Bunny
2025-02-15,54,Enjoy The Show,The Weeknd & Future
2025-02-15,55,Bad Dreams,Teddy Swims
2025-02-15,56,Like Him,"Tyler, The Creator Featuring Lola Young"
2025-02-15,57,Good News,Shaboozey
2025-02-15,58,Think I'm In Love With You,Chris Stapleton
2025-02-15,59,Niagara Falls,The Weeknd
2025-02-15,60,I Ain't Sayin',Jordan Davis
2025-02-15,61,Velda,"Bad Bunny, Omar Courtz & Dei V"
2025-02-15,62,The Abyss,The Weeknd & Lana Del Rey
2025-02-15,63,Take Me Back To LA,The Weeknd
2025-02-15,64,El Club,Bad Bunny
2025-02-15,65,Given Up On Me,The Weeknd
2025-02-15,66,Am I Okay?,Megan Moroney
2025-02-15,67,Guy For That,Post Malone Featuring Luke Combs
2025-02-15,68,Opening Night,The Weeknd
2025-02-15,69,Diet Pepsi,Addison Rae
2025-02-15,70,Que Pasaria...,Rauw Alejandro & Bad Bunny
2025-02-15,71,Tu Boda,Oscar Maydon & Fuerza Regida
2025-02-15,72,Are You Even Real,Teddy Swims & GIVEON
2025-02-15,73,Heart Of A Woman,Summer Walker
2025-02-15,74,Blue Jean Baby,Zach Bryan
2025-02-15,75,Peekaboo,Kendrick Lamar Featuring AzChike
2025-02-15,76,I Can't Wait To Get There,The Weeknd
2025-02-15,77,The Largest,BigXthaPlug
2025-02-15,78,7 Dias,Gabito Ballesteros & Tito Double P
2025-02-15,79,Haunted,Kane Brown With Jelly Roll
2025-02-15,80,No Pole,Don Toliver
2025-02-15,81,Weltita,Bad Bunny & Chuwi
2025-02-15,82,Weren't For The Wind,Ella Langley
2025-02-15,83,Help Me,Real Boston Richey
2025-02-15,84,Headlock,Imogen Heap
2025-02-15,85,Hey Now,Kendrick Lamar Featuring Dody6
2025-02-15,86,Nissan Altima,Doechii
2025-02-15,87,Kloufrens,Bad Bunny
2025-02-15,88,Perfumito Nuevo,Bad Bunny & RaiNao
2025-02-15,89,The Days,CHRYSTAL
2025-02-15,90,Love Hangover,JENNIE & Dominic Fike
2025-02-15,91,Rosones,Tito Double P
2025-02-15,92,Nadie,Tito Double P
2025-02-15,93,Forever Young,"David Guetta, Alphaville & Ava Max"
2025-02-15,94,Worst Way,Riley Green
2025-02-22,1,Not Like Us,Kendrick Lamar
2025-02-22,15,Luther,Kendrick Lamar & SZA
2025-02-22,1,TV Off,Kendrick Lamar Featuring Lefty Gunplay
2025-02-22,40,Die With A Smile,Lady Gaga & Bruno Mars
2025-02-22,15,Squabble Up,Kendrick Lamar
2025-02-22,1,Birds Of A Feather,Billie Eilish
2025-02-22,40,APT.,ROSE & Bruno Mars
2025-02-22,2,A Bar Song (Tipsy),Shaboozey
2025-02-22,3,Pink Pony Club,Chappell Roan
2025-02-22,4,30 For 30,SZA With Kendrick Lamar
2025-02-22,5,Beautiful Things,Benson Boone
2025-02-22,6,Lose Control,Teddy Swims
2025-02-22,7,Abracadabra,Lady Gaga
2025-02-22,8,All The Stars,Kendrick Lamar & SZA
2025-02-22,9,That's So True,Gracie Abrams
2025-02-22,10,Timeless,The Weeknd & Playboi Carti
2025-02-22,11,Love Somebody,Morgan Wallen
2025-02-22,12,Espresso,Sabrina Carpenter
2025-02-22,13,I'm The Problem,Morgan Wallen
2025-02-22,14,I Had Some Help,Post Malone Featuring Morgan Wallen
2025-02-22,15,Denial Is A River,Doechii
2025-02-22,16,Messy,Lola Young
2025-02-22,17,"Good Luck, Babe!",Chappell Roan
2025-02-22,18,Taste,Sabrina Carpenter
2025-02-22,19,DTMF,Bad Bunny
2025-02-22,20,Too Sweet,Hozier
2025-02-22,21,Cry For Me,The Weeknd
2025-02-22,22,Peekaboo,Kendrick Lamar Featuring AzChike
2025-02-22,23,Wildflower,Billie Eilish
2025-02-22,24,Stargazing,Myles Smith
2025-02-22,25,Tweaker,GELO
2025-02-22,26,Sticky,"Tyler, The Creator Featuring GloRilla, Sexyy Red & Lil Wayne"
2025-02-22,27,Humble.,Kendrick Lamar
2025-02-22,28,BMF,SZA
2025-02-22,29,High Road,Koe Wetzel & Jessie Murph
2025-02-22,30,Baile Inolvidable,Bad Bunny
2025-02-22,31,Sailor Song,Gigi Perez
2025-02-22,32,Smile,Morgan Wallen
2025-02-22,33,Bed Chem,Sabrina Carpenter
2025-02-22,34,Who,Jimin
2025-02-22,35,Sports Car,Tate McRae
2025-02-22,36,Liar,Jelly Roll
2025-02-22,37,No One Noticed,The Marias
2025-02-22,38,Whatchu Kno About Me,GloRilla & Sexyy Red
2025-02-22,39,Like That,"Future, Metro Boomin & Kendrick Lamar"
2025-02-22,40,Fat Juicy & Wet,Sexyy Red & Bruno Mars
2025-02-22,41,Please Please Please,Sabrina Carpenter
2025-02-22,42,Nuevayol,Bad Bunny
2025-02-22,43,I Never Lie,Zach Top
2025-02-22,44,4x4xU,Lainey Wilson
2025-02-22,45,I'm Gonna Love You,Cody Johnson & Carrie Underwood
2025-02-22,46,Loco,Neton Vega
2025-02-22,47,Indigo,Sam Barber Featuring Avery Anna
2025-02-22,48,Residuals,Chris Brown
2025-02-22,49,Twenties,Giveon
2025-02-22,50,Hey Now,Kendrick Lamar Featuring Dody6
2025-02-22,51,Good News,Shaboozey
2025-02-22,52,Like Him,"Tyler, The Creator Featuring Lola Young"
2025-02-22,53,Bad Dreams,Teddy Swims
2025-02-22,54,Voy A Llevarte Pa PR,Bad Bunny
2025-02-22,55,Ordinary,Alex Warren
2025-02-22,56,I Ain't Sayin',Jordan Davis
2025-02-22,57,Hard Fought Hallelujah,Brandon Lake X Jelly Roll
2025-02-22,58,4X4,Travis Scott
2025-02-22,59,EOO,Bad Bunny
2025-02-22,60,Am I Okay?,Megan Moroney
2025-02-22,61,Guy For That,Post Malone Featuring Luke Combs
2025-02-22,62,Born Again,LISA Featuring Doja Cat & RAYE
2025-02-22,63,Que Pasaria...,Rauw Alejandro & Bad Bunny
2025-02-22,64,Velda,"Bad Bunny, Omar Courtz & Dei V"
2025-02-22,65,Heart Of A Woman,Summer Walker
2025-02-22,66,Diet Pepsi,Addison Rae
2025-02-22,67,Nissan Altima,Doechii
2025-02-22,68,Sao Paulo,The Weeknd & Anitta
2025-02-22,69,Tu Boda,Oscar Maydon & Fuerza Regida
2025-02-22,70,Burning Down,Alex Warren
2025-02-22,71,Wacced Out Murals,Kendrick Lamar
2025-02-22,72,The Largest,BigXthaPlug
2025-02-22,73,No Pole,Don Toliver
2025-02-22,74,Euphoria,Kendrick Lamar
2025-02-22,75,Dodger Blue,"Kendrick Lamar Featuring Wallie the Sensei, Siete7x & Roddy Ricch"
2025-02-22,76,El Club,Bad Bunny
2025-02-22,77,Headlock,Imogen Heap
2025-02-22,78,Backseat Driver,Kane Brown
2025-02-22,79,Are You Even Real,Teddy Swims & GIVEON
2025-02-22,80,Baptized In Fear,The Weeknd
2025-02-22,81,Worst Way,Riley Green
2025-02-22,82,Guess,Charli xcx Featuring Billie Eilish
2025-02-22,83,Khe?,Rauw Alejandro & Romeo Santos
2025-02-22,84,Mutt,Leon Thomas
2025-02-22,85,Nadie,Tito Double P
2025-02-22,86,Forever Young,"David Guetta, Alphaville & Ava Max"
2025-02-22,87,The Greatest,Billie Eilish
2025-02-22,88,Open Hearts,The Weeknd
2025-02-22,89,Haunted,Kane Brown With Jelly Roll
2025-02-22,90,Push 2 Start,Tyla
2025-02-22,91,Rosones,Tito Double P
2025-02-22,92,Weren't For The Wind,Ella Langley
2025-02-22,93,The Days,CHRYSTAL
2025-02-22,94,Weltita,Bad Bunny & Chuwi
2025-03-01,1,Luther,Kendrick Lamar & SZA
2025-03-01,2,Not Like Us,Kendrick Lamar
2025-03-01,1,Die With A Smile,Lady Gaga & Bruno Mars
2025-03-01,13,TV Off,Kendrick Lamar Featuring Lefty Gunplay
2025-03-01,2,Squabble Up,Kendrick Lamar
2025-03-01,1,Gimme A Hug,Drake
2025-03-01,13,APT.,ROSE & Bruno Mars
2025-03-01,2,Birds Of A Feather,Billie Eilish
2025-03-01,3,A Bar Song (Tipsy),Shaboozey
2025-03-01,4,Nokia,Drake
2025-03-01,5,Pink Pony Club,Chappell Roan
2025-03-01,6,Lose Control,Teddy Swims
2025-03-01,7,Beautiful Things,Benson Boone
2025-03-01,8,30 For 30,SZA With Kendrick Lamar
2025-03-01,9,All The Stars,Kendrick Lamar & SZA
2025-03-01,10,That's So True,Gracie Abrams
2025-03-01,11,Espresso,Sabrina Carpenter
2025-03-01,12,CN Tower,PARTYNEXTDOOR & Drake
2025-03-01,13,Love Somebody,Morgan Wallen
2025-03-01,14,I Had Some Help,Post Malone Featuring Morgan Wallen
2025-03-01,15,Die Trying,"PARTYNEXTDOOR, Drake & Yebba"
2025-03-01,16,Taste,Sabrina Carpenter
2025-03-01,17,I'm The Problem,Morgan Wallen
2025-03-01,18,Timeless,The Weeknd & Playboi Carti
2025-03-01,19,Please Please Please,Sabrina Carpenter
2025-03-01,20,Something About You,PARTYNEXTDOOR & Drake
2025-03-01,21,Busy Woman,Sabrina Carpenter
2025-03-01,22,Messy,Lola Young
2025-03-01,23,Moth Balls,PARTYNEXTDOOR & Drake
2025-03-01,24,Somebody Loves Me,PARTYNEXTDOOR & Drake
2025-03-01,25,Deeper,PARTYNEXTDOOR
2025-03-01,26,Denial Is A River,Doechii
2025-03-01,27,Abracadabra,Lady Gaga
2025-03-01,28,Too Sweet,Hozier
2025-03-01,29,Spider-Man Superman,PARTYNEXTDOOR & Drake
2025-03-01,30,"Good Luck, Babe!",Chappell Roan
2025-03-01,31,Crying In Chanel,Drake
2025-03-01,32,Peekaboo,Kendrick Lamar Featuring AzChike
2025-03-01,33,Bed Chem,Sabrina Carpenter
2025-03-01,34,Small Town Fame,Drake
2025-03-01,35,Stargazing,Myles Smith
2025-03-01,36,DTMF,Bad Bunny
2025-03-01,37,Raining In Houston,Drake
2025-03-01,38,Who,Jimin
2025-03-01,39,Pimmie's Dilemma,"Pimmie, PARTYNEXTDOOR & Drake"
2025-03-01,40,High Road,Koe Wetzel & Jessie Murph
2025-03-01,41,Brian Steel,Drake
2025-03-01,42,Wildflower,Billie Eilish
2025-03-01,43,BMF,SZA
2025-03-01,44,Baile Inolvidable,Bad Bunny
2025-03-01,45,Liar,Jelly Roll
2025-03-01,46,Sticky,"Tyler, The Creator Featuring GloRilla, Sexyy Red & Lil Wayne"
2025-03-01,47,Sailor Song,Gigi Perez
2025-03-01,48,Cry For Me,The Weeknd
2025-03-01,49,No One Noticed,The Marias
2025-03-01,50,Whatchu Kno About Me,GloRilla & Sexyy Red
2025-03-01,51,Sports Car,Tate McRae
2025-03-01,52,Smile,Morgan Wallen
2025-03-01,53,Tweaker,GELO
2025-03-01,54,Lasers,PARTYNEXTDOOR & Drake
2025-03-01,55,I Never Lie,Zach Top
2025-03-01,56,I'm Gonna Love You,Cody Johnson & Carrie Underwood
2025-03-01,57,Meet Your Padre,"PARTYNEXTDOOR, Drake & Chino Pacas"
2025-03-01,58,Residuals,Chris Brown
2025-03-01,59,Indigo,Sam Barber Featuring Avery Anna
2025-03-01,60,Celibacy,PARTYNEXTDOOR & Drake
2025-03-01,61,15 Minutes,Sabrina Carpenter
2025-03-01,62,4x4xU,Lainey Wilson
2025-03-01,63,Bad Dreams,Teddy Swims
2025-03-01,64,Greedy,PARTYNEXTDOOR & Drake
2025-03-01,65,Fat Juicy & Wet,Sexyy Red & Bruno Mars
2025-03-01,66,Nuevayol,Bad Bunny
2025-03-01,67,When He's Gone,PARTYNEXTDOOR & Drake
2025-03-01,68,OMW,PARTYNEXTDOOR & Drake
2025-03-01,69,Good News,Shaboozey
2025-03-01,70,Like Him,"Tyler, The Creator Featuring Lola Young"
2025-03-01,71,Loco,Neton Vega
2025-03-01,72,Worst Way,Riley Green
2025-03-01,73,I Ain't Sayin',Jordan Davis
2025-03-01,74,Ordinary,Alex Warren
2025-03-01,75,Hey Now,Kendrick Lamar Featuring Dody6
2025-03-01,76,Guy For That,Post Malone Featuring Luke Combs
2025-03-01,77,Glorious,PARTYNEXTDOOR & Drake
2025-03-01,78,Couldn't Make It Any Harder,Sabrina Carpenter
2025-03-01,79,Por Esos Ojos,Fuerza Regida
2025-03-01,80,Voy A Llevarte Pa PR,Bad Bunny
2025-03-01,81,Bad Reviews,Sabrina Carpenter
2025-03-01,82,Am I Okay?,Megan Moroney
2025-03-01,83,Heart Of A Woman,Summer Walker
2025-03-01,84,Twenties,Giveon
2025-03-01,85,EOO,Bad Bunny
2025-03-01,86,Push 2 Start,Tyla
2025-03-01,87,Que Pasaria...,Rauw Alejandro & Bad Bunny
2025-03-01,88,The Largest,BigXthaPlug
2025-03-01,89,Tu Boda,Oscar Maydon & Fuerza Regida
2025-03-01,90,4X4,Travis Scott
2025-03-01,91,Mutt,Leon Thomas
2025-03-01,92,No Pole,Don Toliver
2025-03-01,93,Velda,"Bad Bunny, Omar Courtz & Dei V"
2025-03-01,94,Juno,Sabrina Carpenter
2025-03-08,1,Luther,Kendrick Lamar & SZA
2025-03-08,1,Die With A Smile,Lady Gaga & Bruno Mars
2025-03-08,1,Not Like Us,Kendrick Lamar
2025-03-08,14,TV Off,Kendrick Lamar Featuring Lefty Gunplay
2025-03-08,1,A Bar Song (Tipsy),Shaboozey
2025-03-08,1,APT.,ROSE & Bruno Mars
2025-03-08,14,Birds Of A Feather,Billie Eilish
2025-03-08,2,Pink Pony Club,Chappell Roan
2025-03-08,3,Lose Control,Teddy Swims
2025-03-08,4,Squabble Up,Kendrick Lamar
2025-03-08,5,Nokia,Drake
2025-03-08,6,Beautiful Things,Benson Boone
2025-03-08,7,That's So True,Gracie Abrams
2025-03-08,8,Love Somebody,Morgan Wallen
2025-03-08,9,30 For 30,SZA With Kendrick Lamar
2025-03-08,10,Sports Car,Tate McRae
2025-03-08,11,I Had Some Help,Post Malone Featuring Morgan Wallen
2025-03-08,12,Espresso,Sabrina Carpenter
2025-03-08,13,I'm The Problem,Morgan Wallen
2025-03-08,14,Timeless,The Weeknd & Playboi Carti
2025-03-08,15,Messy,Lola Young
2025-03-08,16,Revolving Door,Tate McRae
2025-03-08,17,All The Stars,Kendrick Lamar & SZA
2025-03-08,18,Taste,Sabrina Carpenter
2025-03-08,19,Denial Is A River,Doechii
2025-03-08,20,Too Sweet,Hozier
2025-03-08,21,"Good Luck, Babe!",Chappell Roan
2025-03-08,22,Gimme A Hug,Drake
2025-03-08,23,Die Trying,"PARTYNEXTDOOR, Drake & Yebba"
2025-03-08,24,DTMF,Bad Bunny
2025-03-08,25,Abracadabra,Lady Gaga
2025-03-08,26,Stargazing,Myles Smith
2025-03-08,27,Who,Jimin
2025-03-08,28,Bed Chem,Sabrina Carpenter
2025-03-08,29,Liar,Jelly Roll
2025-03-08,30,Please Please Please,Sabrina Carpenter
2025-03-08,31,Peekaboo,Kendrick Lamar Featuring AzChike
2025-03-08,32,Sailor Song,Gigi Perez
2025-03-08,33,Baile Inolvidable,Bad Bunny
2025-03-08,34,High Road,Koe Wetzel & Jessie Murph
2025-03-08,35,No One Noticed,The Marias
2025-03-08,36,BMF,SZA
2025-03-08,37,I Know Love,Tate McRae Featauring The Kid LAROI
2025-03-08,38,Dear God,Tate McRae
2025-03-08,39,Wildflower,Billie Eilish
2025-03-08,40,I Never Lie,Zach Top
2025-03-08,41,Sticky,"Tyler, The Creator Featuring GloRilla, Sexyy Red & Lil Wayne"
2025-03-08,42,Smile,Morgan Wallen
2025-03-08,43,Whatchu Kno About Me,GloRilla & Sexyy Red
2025-03-08,44,Cry For Me,The Weeknd
2025-03-08,45,I'm Gonna Love You,Cody Johnson & Carrie Underwood
2025-03-08,46,Busy Woman,Sabrina Carpenter
2025-03-08,47,Purple Lace Bra,Tate McRae
2025-03-08,48,Miss Possessive,Tate McRae
2025-03-08,49,Indigo,Sam Barber Featuring Avery Anna
2025-03-08,50,Residuals,Chris Brown
2025-03-08,51,Tweaker,GELO
2025-03-08,52,Call Me When You Break Up,"Selena Gomez, benny blanco & Gracie Abrams"
2025-03-08,53,Worst Way,Riley Green
2025-03-08,54,CN Tower,PARTYNEXTDOOR & Drake
2025-03-08,55,Somebody Loves Me,PARTYNEXTDOOR & Drake
2025-03-08,56,Bad Dreams,Teddy Swims
2025-03-08,57,Good News,Shaboozey
2025-03-08,58,bloodonmyhands,Tate McRae Featuring Flo Milli
2025-03-08,59,I Ain't Sayin',Jordan Davis
2025-03-08,60,Loco,Neton Vega
2025-03-08,61,Mutt,Leon Thomas
2025-03-08,62,Nuevayol,Bad Bunny
2025-03-08,63,cLOUDs,J. Cole
2025-03-08,64,Fat Juicy & Wet,Sexyy Red & Bruno Mars
2025-03-08,65,Ordinary,Alex Warren
2025-03-08,66,Something About You,PARTYNEXTDOOR & Drake
2025-03-08,67,Like Him,"Tyler, The Creator Featuring Lola Young"
2025-03-08,68,Signs,Tate McRae
2025-03-08,69,ExtraL,JENNIE & Doechii
2025-03-08,70,2 Hands,Tate McRae
2025-03-08,71,4x4xU,Lainey Wilson
2025-03-08,72,Deeper,PARTYNEXTDOOR
2025-03-08,73,Am I Okay?,Megan Moroney
2025-03-08,74,Heart Of A Woman,Summer Walker
2025-03-08,75,Me Jalo,Fuerza Regida & Grupo Frontera
2025-03-08,76,Headlock,Imogen Heap
2025-03-08,77,LV Bag,"Don Toliver, j-hope, Pharrell Williams & Speedy"
2025-03-08,78,Voy A Llevarte Pa PR,Bad Bunny
2025-03-08,79,Por Esos Ojos,Fuerza Regida
2025-03-08,80,Moth Balls,PARTYNEXTDOOR & Drake
2025-03-08,81,Raining In Houston,Drake
2025-03-08,82,The Largest,BigXthaPlug
2025-03-08,83,Little Things,Ella Mai
2025-03-08,84,Like I Do,Tate McRae
2025-03-08,85,Spider-Man Superman,PARTYNEXTDOOR & Drake
2025-03-08,86,EOO,Bad Bunny
2025-03-08,87,Backseat Driver,Kane Brown
2025-03-08,88,Pimmie's Dilemma,"Pimmie, PARTYNEXTDOOR & Drake"
2025-03-08,89,Hey Now,Kendrick Lamar Featuring Dody6
2025-03-08,90,No Pole,Don Toliver
2025-03-08,91,Small Town Fame,Drake
2025-03-08,92,Que Pasaria...,Rauw Alejandro & Bad Bunny
2025-03-08,93,Greenlight,Tate McRae
2025-03-08,94,Weren't For The Wind,Ella Langley
2025-03-15,1,Luther,Kendrick Lamar & SZA
2025-03-15,1,Die With A Smile,Lady Gaga & Bruno Mars
2025-03-15,1,Not Like Us,Kendrick Lamar
2025-03-15,15,TV Off,Kendrick Lamar Featuring Lefty Gunplay
2025-03-15,1,A Bar Song (Tipsy),Shaboozey
2025-03-15,1,APT.,ROSE & Bruno Mars
2025-03-15,15,Birds Of A Feather,Billie Eilish
2025-03-15,2,Pink Pony Club,Chappell Roan
2025-03-15,3,Lose Control,Teddy Swims
2025-03-15,4,Nokia,Drake
2025-03-15,5,That's So True,Gracie Abrams
2025-03-15,6,Beautiful Things,Benson Boone
2025-03-15,7,Love Somebody,Morgan Wallen
2025-03-15,8,Squabble Up,Kendrick Lamar
2025-03-15,9,I Had Some Help,Post Malone Featuring Morgan Wallen
2025-03-15,10,30 For 30,SZA With Kendrick Lamar
2025-03-15,11,I'm The Problem,Morgan Wallen
2025-03-15,12,Espresso,Sabrina Carpenter
2025-03-15,13,Timeless,The Weeknd & Playboi Carti
2025-03-15,14,Messy,Lola Young
2025-03-15,15,Sports Car,Tate McRae
2025-03-15,16,Denial Is A River,Doechii
2025-03-15,17,Taste,Sabrina Carpenter
2025-03-15,18,Too Sweet,Hozier
2025-03-15,19,Revolving Door,Tate McRae
2025-03-15,20,All The Stars,Kendrick Lamar & SZA
2025-03-15,21,"Good Luck, Babe!",Chappell Roan
2025-03-15,22,Stargazing,Myles Smith
2025-03-15,23,Abracadabra,Lady Gaga
2025-03-15,24,DTMF,Bad Bunny
2025-03-15,25,Liar,Jelly Roll
2025-03-15,26,Bed Chem,Sabrina Carpenter
2025-03-15,27,High Road,Koe Wetzel & Jessie Murph
2025-03-15,28,Die Trying,"PARTYNEXTDOOR, Drake & Yebba"
2025-03-15,29,Sailor Song,Gigi Perez
2025-03-15,30,I Never Lie,Zach Top
2025-03-15,31,BMF,SZA
2025-03-15,32,Gimme A Hug,Drake
2025-03-15,33,I'm Gonna Love You,Cody Johnson & Carrie Underwood
2025-03-15,34,No One Noticed,The Marias
2025-03-15,35,Who,Jimin
2025-03-15,36,Baile Inolvidable,Bad Bunny
2025-03-15,37,Please Please Please,Sabrina Carpenter
2025-03-15,38,Sorry I'm Here For Someone Else,Benson Boone
2025-03-15,39,A N X I E T Y,Sleepy Hallow Featuring Doechii
2025-03-15,40,Peekaboo,Kendrick Lamar Featuring AzChike
2025-03-15,41,Whatchu Kno About Me,GloRilla & Sexyy Red
2025-03-15,42,Wildflower,Billie Eilish
2025-03-15,43,Indigo,Sam Barber Featuring Avery Anna
2025-03-15,44,Smile,Morgan Wallen
2025-03-15,45,Residuals,Chris Brown
2025-03-15,46,Sticky,"Tyler, The Creator Featuring GloRilla, Sexyy Red & Lil Wayne"
2025-03-15,47,Cry For Me,The Weeknd
2025-03-15,48,Bad Dreams,Teddy Swims
2025-03-15,49,Good News,Shaboozey
2025-03-15,50,Ms. Whitman,Bhad Bhabie
2025-03-15,51,Tweaker,GELO
2025-03-15,52,I Ain't Sayin',Jordan Davis
2025-03-15,53,Mutt,Leon Thomas
2025-03-15,54,Worst Way,Riley Green
2025-03-15,55,Busy Woman,Sabrina Carpenter
2025-03-15,56,Somebody Loves Me,PARTYNEXTDOOR & Drake
2025-03-15,57,Loco,Neton Vega
2025-03-15,58,Ordinary,Alex Warren
2025-03-15,59,Me Jalo,Fuerza Regida & Grupo Frontera
2025-03-15,60,Nuevayol,Bad Bunny
2025-03-15,61,Am I Okay?,Megan Moroney
2025-03-15,62,Fat Juicy & Wet,Sexyy Red & Bruno Mars
2025-03-15,63,Like Him,"Tyler, The Creator Featuring Lola Young"
2025-03-15,64,Heart Of A Woman,Summer Walker
2025-03-15,65,Dear God,Tate McRae
2025-03-15,66,Call Me When You Break Up,"Selena Gomez, benny blanco & Gracie Abrams"
2025-03-15,67,I Know Love,Tate McRae Featauring The Kid LAROI
2025-03-15,68,4x4xU,Lainey Wilson
2025-03-15,69,Purple Lace Bra,Tate McRae
2025-03-15,70,Miss Possessive,Tate McRae
2025-03-15,71,cLOUDs,J. Cole
2025-03-15,72,Hard Fought Hallelujah,Brandon Lake X Jelly Roll
2025-03-15,73,Por Esos Ojos,Fuerza Regida
2025-03-15,74,CN Tower,PARTYNEXTDOOR & Drake
2025-03-15,75,Little Things,Ella Mai
2025-03-15,76,Backseat Driver,Kane Brown
2025-03-15,77,Headlock,Imogen Heap
2025-03-15,78,No Pole,Don Toliver
2025-03-15,79,Tattoo,Tito Double P
2025-03-15,80,Voy A Llevarte Pa PR,Bad Bunny
2025-03-15,81,The Largest,BigXthaPlug
2025-03-15,82,Weren't For The Wind,Ella Langley
2025-03-15,83,Something About You,PARTYNEXTDOOR & Drake
2025-03-15,84,Que Pasaria...,Rauw Alejandro & Bad Bunny
2025-03-15,85,Burning Down,Alex Warren
2025-03-15,86,EOO,Bad Bunny
2025-03-15,87,Push 2 Start,Tyla
2025-03-15,88,Tu Boda,Oscar Maydon & Fuerza Regida
2025-03-15,89,Are You Even Real,Teddy Swims & GIVEON
2025-03-15,90,Born Again,LISA Featuring Doja Cat & RAYE
2025-03-15,91,Twenties,Giveon
2025-03-15,92,Deeper,PARTYNEXTDOOR
2025-03-15,93,Holy Smokes,Bailey Zimmerman
2025-03-15,94,7 Dias,Gabito Ballesteros & Tito Double P
2025-03-22,1,Luther,Kendrick Lamar & SZA
2025-03-22,1,Die With A Smile,Lady Gaga & Bruno Mars
2025-03-22,1,Not Like Us,Kendrick Lamar
2025-03-22,16,A Bar Song (Tipsy),Shaboozey
2025-03-22,1,TV Off,Kendrick Lamar Featuring Lefty Gunplay
2025-03-22,1,APT.,ROSE & Bruno Mars
2025-03-22,16,Pink Pony Club,Chappell Roan
2025-03-22,2,Nokia,Drake
2025-03-22,3,Birds Of A Feather,Billie Eilish
2025-03-22,4,Lose Control,Teddy Swims
2025-03-22,5,That's So True,Gracie Abrams
2025-03-22,6,Beautiful Things,Benson Boone
2025-03-22,7,Anxiety,Doechii
2025-03-22,8,I Had Some Help,Post Malone Featuring Morgan Wallen
2025-03-22,9,Love Somebody,Morgan Wallen
2025-03-22,10,Squabble Up,Kendrick Lamar
2025-03-22,11,I'm The Problem,Morgan Wallen
2025-03-22,12,Espresso,Sabrina Carpenter
2025-03-22,13,Abracadabra,Lady Gaga
2025-03-22,14,30 For 30,SZA With Kendrick Lamar
2025-03-22,15,Timeless,The Weeknd & Playboi Carti
2025-03-22,16,Sports Car,Tate McRae
2025-03-22,17,Denial Is A River,Doechii
2025-03-22,18,Messy,Lola Young
2025-03-22,19,Taste,Sabrina Carpenter
2025-03-22,20,Too Sweet,Hozier
2025-03-22,21,"Good Luck, Babe!",Chappell Roan
2025-03-22,22,Stargazing,Myles Smith
2025-03-22,23,Who,Jimin
2025-03-22,24,Bed Chem,Sabrina Carpenter
2025-03-22,25,Revolving Door,Tate McRae
2025-03-22,26,Liar,Jelly Roll
2025-03-22,27,All The Stars,Kendrick Lamar & SZA
2025-03-22,28,I Never Lie,Zach Top
2025-03-22,29,DTMF,Bad Bunny
2025-03-22,30,High Road,Koe Wetzel & Jessie Murph
2025-03-22,31,I'm Gonna Love You,Cody Johnson & Carrie Underwood
2025-03-22,32,Sailor Song,Gigi Perez
2025-03-22,33,BMF,SZA
2025-03-22,34,Die Trying,"PARTYNEXTDOOR, Drake & Yebba"
2025-03-22,35,No One Noticed,The Marias
2025-03-22,36,Indigo,Sam Barber Featuring Avery Anna
2025-03-22,37,Ordinary,Alex Warren
2025-03-22,38,Baile Inolvidable,Bad Bunny
2025-03-22,39,Bad Dreams,Teddy Swims
2025-03-22,40,Wildflower,Billie Eilish
2025-03-22,41,Whatchu Kno About Me,GloRilla & Sexyy Red
2025-03-22,42,Worst Way,Riley Green
2025-03-22,43,Residuals,Chris Brown
2025-03-22,44,Please Please Please,Sabrina Carpenter
2025-03-22,45,Good News,Shaboozey
2025-03-22,46,Garden Of Eden,Lady Gaga
2025-03-22,47,Gimme A Hug,Drake
2025-03-22,48,Smile,Morgan Wallen
2025-03-22,49,Peekaboo,Kendrick Lamar Featuring AzChike
2025-03-22,50,Cry For Me,The Weeknd
2025-03-22,51,Sorry I'm Here For Someone Else,Benson Boone
2025-03-22,52,Sticky,"Tyler, The Creator Featuring GloRilla, Sexyy Red & Lil Wayne"
2025-03-22,53,A N X I E T Y,Sleepy Hallow Featuring Doechii
2025-03-22,54,Mutt,Leon Thomas
2025-03-22,55,Vanish Into You,Lady Gaga
2025-03-22,56,Tweaker,GELO
2025-03-22,57,Me Jalo,Fuerza Regida & Grupo Frontera
2025-03-22,58,Loco,Neton Vega
2025-03-22,59,Somebody Loves Me,PARTYNEXTDOOR & Drake
2025-03-22,60,Sweet Dreams,j-hope Featuring Miguel
2025-03-22,61,Busy Woman,Sabrina Carpenter
2025-03-22,62,Ms. Whitman,Bhad Bhabie
2025-03-22,63,How Bad Do U Want Me,Lady Gaga
2025-03-22,64,Am I Okay?,Megan Moroney
2025-03-22,65,Disease,Lady Gaga
2025-03-22,66,Tattoo,Tito Double P
2025-03-22,67,Hard Fought Hallelujah,Brandon Lake X Jelly Roll
2025-03-22,68,Nuevayol,Bad Bunny
2025-03-22,69,Heart Of A Woman,Summer Walker
2025-03-22,70,Like Him,"Tyler, The Creator Featuring Lola Young"
2025-03-22,71,I Ain't Sayin',Jordan Davis
2025-03-22,72,Fat Juicy & Wet,Sexyy Red & Bruno Mars
2025-03-22,73,No Pole,Don Toliver
2025-03-22,74,Handlebars,JENNIE & Dua Lipa
2025-03-22,75,Perfect Celebrity,Lady Gaga
2025-03-22,76,Weren't For The Wind,Ella Langley
2025-03-22,77,like JENNIE,JENNIE
2025-03-22,78,Little Things,Ella Mai
2025-03-22,79,Zombieboy,Lady Gaga
2025-03-22,80,Burning Down,Alex Warren
2025-03-22,81,Proud Of Me,Fridayy & Meek Mill
2025-03-22,82,Por Esos Ojos,Fuerza Regida
2025-03-22,83,Push 2 Start,Tyla
2025-03-22,84,The Largest,BigXthaPlug
2025-03-22,85,4x4xU,Lainey Wilson
2025-03-22,86,Headlock,Imogen Heap
2025-03-22,87,Killah,Lady Gaga Featuring Gesaffelstein
2025-03-22,88,Call Me When You Break Up,"Selena Gomez, benny blanco & Gracie Abrams"
2025-03-22,89,LoveDrug,Lady Gaga
2025-03-22,90,Voy A Llevarte Pa PR,Bad Bunny
2025-03-22,91,Texas,Blake Shelton
2025-03-22,92,Tu Boda,Oscar Maydon & Fuerza Regida
2025-03-22,93,ExtraL,JENNIE & Doechii
2025-03-22,94,Te Queria Ver,Aleman X Neton Vega
2025-03-29,1,Luther,Kendrick Lamar & SZA
2025-03-29,1,Evil J0rdan,Playboi Carti
2025-03-29,1,Die With A Smile,Lady Gaga & Bruno Mars
2025-03-29,17,Rather Lie,Playboi Carti & The Weeknd
2025-03-29,1,The Giver,Chappell Roan
2025-03-29,1,A Bar Song (Tipsy),Shaboozey
2025-03-29,17,Birds Of A Feather,Billie Eilish
2025-03-29,2,Not Like Us,Kendrick Lamar
2025-03-29,3,Pink Pony Club,Chappell Roan
2025-03-29,4,Anxiety,Doechii
2025-03-29,5,Nokia,Drake
2025-03-29,6,Lose Control,Teddy Swims
2025-03-29,7,TV Off,Kendrick Lamar Featuring Lefty Gunplay
2025-03-29,8,APT.,ROSE & Bruno Mars
2025-03-29,9,Beautiful Things,Benson Boone
2025-03-29,10,That's So True,Gracie Abrams
2025-03-29,11,Good Credit,Playboi Carti & Kendrick Lamar
2025-03-29,12,Love Somebody,Morgan Wallen
2025-03-29,13,I Had Some Help,Post Malone Featuring Morgan Wallen
2025-03-29,14,Crush,Playboi Carti & Travis Scott
2025-03-29,15,I'm The Problem,Morgan Wallen
2025-03-29,16,Espresso,Sabrina Carpenter
2025-03-29,17,Timeless,The Weeknd & Playboi Carti
2025-03-29,18,Squabble Up,Kendrick Lamar
2025-03-29,19,Backd00r,Playboi Carti Featuring Kendrick Lamar & Jhene Aiko
2025-03-29,20,30 For 30,SZA With Kendrick Lamar
2025-03-29,21,Mojo Jojo,Playboi Carti
2025-03-29,22,Philly,Playboi Carti & Travis Scott
2025-03-29,23,Messy,Lola Young
2025-03-29,24,Sports Car,Tate McRae
2025-03-29,25,Denial Is A River,Doechii
2025-03-29,26,Too Sweet,Hozier
2025-03-29,27,Fine Shit,Playboi Carti
2025-03-29,28,Toxic,Playboi Carti & Skepta
2025-03-29,29,Ordinary,Alex Warren
2025-03-29,30,Taste,Sabrina Carpenter
2025-03-29,31,Abracadabra,Lady Gaga
2025-03-29,32,K Pop,Playboi Carti
2025-03-29,33,"Good Luck, Babe!",Chappell Roan
2025-03-29,34,Bed Chem,Sabrina Carpenter
2025-03-29,35,Pop Out,Playboi Carti
2025-03-29,36,Stargazing,Myles Smith
2025-03-29,37,Radar,Playboi Carti
2025-03-29,38,I Never Lie,Zach Top
2025-03-29,39,Dark Thoughts,Lil Tecca
2025-03-29,40,Trim,Playboi Carti & Future
2025-03-29,41,I'm Gonna Love You,Cody Johnson & Carrie Underwood
2025-03-29,42,HBA,Playboi Carti
2025-03-29,43,Charge Dem Hoes A Fee,"Playboi Carti, Future & Travis Scott"
2025-03-29,44,Sailor Song,Gigi Perez
2025-03-29,45,DTMF,Bad Bunny
2025-03-29,46,Wake Up F1lthy,Playboi Carti & Travis Scott
2025-03-29,47,Jumpin,Playboi Carti & Lil Uzi Vert
2025-03-29,48,I Seeeeee You Baby Boi,Playboi Carti
2025-03-29,49,Crank,Playboi Carti
2025-03-29,50,Like Weezy,Playboi Carti
2025-03-29,51,Emergence,Sleep Token
2025-03-29,52,Twin Trim,Playboi Carti & Lil Uzi Vert
2025-03-29,53,Revolving Door,Tate McRae
2025-03-29,54,Bad Dreams,Teddy Swims
2025-03-29,55,BMF,SZA
2025-03-29,56,Residuals,Chris Brown
2025-03-29,57,Indigo,Sam Barber Featuring Avery Anna
2025-03-29,58,No One Noticed,The Marias
2025-03-29,59,Olympian,Playboi Carti
2025-03-29,60,Worst Way,Riley Green
2025-03-29,61,Wildflower,Billie Eilish
2025-03-29,62,Baile Inolvidable,Bad Bunny
2025-03-29,63,Munyun,Playboi Carti
2025-03-29,64,Sorry I'm Here For Someone Else,Benson Boone
2025-03-29,65,We Need All Da Vibes,"Playboi Carti, Young Thug & Ty Dolla $ign"
2025-03-29,66,Good News,Shaboozey
2025-03-29,67,Cry For Me,The Weeknd
2025-03-29,68,Smile,Morgan Wallen
2025-03-29,69,OPM Babi,Playboi Carti
2025-03-29,70,Die Trying,"PARTYNEXTDOOR, Drake & Yebba"
2025-03-29,71,Mutt,Leon Thomas
2025-03-29,72,Gimme A Hug,Drake
2025-03-29,73,Peekaboo,Kendrick Lamar Featuring AzChike
2025-03-29,74,Cocaine Nose,Playboi Carti
2025-03-29,75,Me Jalo,Fuerza Regida & Grupo Frontera
2025-03-29,76,Tweaker,GELO
2025-03-29,77,Somebody Loves Me,PARTYNEXTDOOR & Drake
2025-03-29,78,Loco,Neton Vega
2025-03-29,79,Dis 1 Got It,Playboi Carti
2025-03-29,80,Overly,Playboi Carti
2025-03-29,81,Busy Woman,Sabrina Carpenter
2025-03-29,82,South Atlanta Baby,Playboi Carti
2025-03-29,83,Nuevayol,Bad Bunny
2025-03-29,84,Heart Of A Woman,Summer Walker
2025-03-29,85,Tattoo,Tito Double P
2025-03-29,86,Hard Fought Hallelujah,Brandon Lake X Jelly Roll
2025-03-29,87,Like Him,"Tyler, The Creator Featuring Lola Young"
2025-03-29,88,Burning Down,Alex Warren
2025-03-29,89,Weren't For The Wind,Ella Langley
2025-03-29,90,Walk,Playboi Carti
2025-03-29,91,I Ain't Sayin',Jordan Davis
2025-03-29,92,No Pole,Don Toliver
2025-03-29,93,Am I Okay?,Megan Moroney
2025-03-29,94,Ms. Whitman,Bhad Bhabie
2025-04-05,1,Luther,Kendrick Lamar & SZA
2025-04-05,1,Die With A Smile,Lady Gaga & Bruno Mars
2025-04-05,1,A Bar Song (Tipsy),Shaboozey
2025-04-05,18,Just In Case,Morgan Wallen
2025-04-05,1,Pink Pony Club,Chappell Roan
2025-04-05,1,Lose Control,Teddy Swims
2025-04-05,18,Nokia,Drake
2025-04-05,2,Beautiful Things,Benson Boone
2025-04-05,3,Not Like Us,Kendrick Lamar
2025-04-05,4,APT.,ROSE & Bruno Mars
2025-04-05,5,I'm The Problem,Morgan Wallen
2025-04-05,6,Birds Of A Feather,Billie Eilish
2025-04-05,7,That's So True,Gracie Abrams
2025-04-05,8,Anxiety,Doechii
2025-04-05,9,TV Off,Kendrick Lamar Featuring Lefty Gunplay
2025-04-05,10,Love Somebody,Morgan Wallen
2025-04-05,11,I'm A Little Crazy,Morgan Wallen
2025-04-05,12,Espresso,Sabrina Carpenter
2025-04-05,13,I Had Some Help,Post Malone Featuring Morgan Wallen
2025-04-05,14,Ordinary,Alex Warren
2025-04-05,15,Timeless,The Weeknd & Playboi Carti
2025-04-05,16,Squabble Up,Kendrick Lamar
2025-04-05,17,Messy,Lola Young
2025-04-05,18,30 For 30,SZA With Kendrick Lamar
2025-04-05,19,Rather Lie,Playboi Carti & The Weeknd
2025-04-05,20,Sports Car,Tate McRae
2025-04-05,21,Evil J0rdan,Playboi Carti
2025-04-05,22,Mutt,Leon Thomas
2025-04-05,23,The Giver,Chappell Roan
2025-04-05,24,Too Sweet,Hozier
2025-04-05,25,Taste,Sabrina Carpenter
2025-04-05,26,Dark Thoughts,Lil Tecca
2025-04-05,27,Denial Is A River,Doechii
2025-04-05,28,Stargazing,Myles Smith
2025-04-05,29,Bed Chem,Sabrina Carpenter
2025-04-05,30,I Never Lie,Zach Top
2025-04-05,31,"Good Luck, Babe!",Chappell Roan
2025-04-05,32,Abracadabra,Lady Gaga
2025-04-05,33,Sailor Song,Gigi Perez
2025-04-05,34,No One Noticed,The Marias
2025-04-05,35,DTMF,Bad Bunny
2025-04-05,36,Bad Dreams,Teddy Swims
2025-04-05,37,Smile,Morgan Wallen
2025-04-05,38,Sorry I'm Here For Someone Else,Benson Boone
2025-04-05,39,BMF,SZA
2025-04-05,40,Call Me When You Break Up,"Selena Gomez, benny blanco & Gracie Abrams"
2025-04-05,41,Indigo,Sam Barber Featuring Avery Anna
2025-04-05,42,Good News,Shaboozey
2025-04-05,43,I'm Gonna Love You,Cody Johnson & Carrie Underwood
2025-04-05,44,Wildflower,Billie Eilish
2025-04-05,45,Residuals,Chris Brown
2025-04-05,46,Worst Way,Riley Green
2025-04-05,47,Baile Inolvidable,Bad Bunny
2025-04-05,48,Me Jalo,Fuerza Regida & Grupo Frontera
2025-04-05,49,Cry For Me,The Weeknd
2025-04-05,50,Revolving Door,Tate McRae
2025-04-05,51,Just Us,Jack Harlow & Doja Cat
2025-04-05,52,Gimme A Hug,Drake
2025-04-05,53,Ojos Tristes,"Selena Gomez, benny blanco & The Marias"
2025-04-05,54,Good Credit,Playboi Carti & Kendrick Lamar
2025-04-05,55,Die Trying,"PARTYNEXTDOOR, Drake & Yebba"
2025-04-05,56,Peekaboo,Kendrick Lamar Featuring AzChike
2025-04-05,57,Somebody Loves Me,PARTYNEXTDOOR & Drake
2025-04-05,58,Loco,Neton Vega
2025-04-05,59,Mona Lisa,j-hope
2025-04-05,60,Am I Okay?,Megan Moroney
2025-04-05,61,EOO,Bad Bunny
2025-04-05,62,Busy Woman,Sabrina Carpenter
2025-04-05,63,Te Queria Ver,Aleman X Neton Vega
2025-04-05,64,This Town's Been Too Good To Us,Dylan Scott
2025-04-05,65,How Does It Feel To Be Forgotten,Selena Gomez & benny blanco
2025-04-05,66,Tweaker,GELO
2025-04-05,67,Heart Of A Woman,Summer Walker
2025-04-05,68,Like Him,"Tyler, The Creator Featuring Lola Young"
2025-04-05,69,Hard Fought Hallelujah,Brandon Lake X Jelly Roll
2025-04-05,70,Backd00r,Playboi Carti Featuring Kendrick Lamar & Jhene Aiko
2025-04-05,71,Crush,Playboi Carti & Travis Scott
2025-04-05,72,Nuevayol,Bad Bunny
2025-04-05,73,Weren't For The Wind,Ella Langley
2025-04-05,74,Somethin' 'Bout A Woman,Thomas Rhett Featuring Teddy Swims
2025-04-05,75,No Pole,Don Toliver
2025-04-05,76,Tattoo,Tito Double P
2025-04-05,77,Burning Down,Alex Warren
2025-04-05,78,Emergence,Sleep Token
2025-04-05,79,I Ain't Sayin',Jordan Davis
2025-04-05,80,Texas,Blake Shelton
2025-04-05,81,Like Weezy,Playboi Carti
2025-04-05,82,Are You Even Real,Teddy Swims & GIVEON
2025-04-05,83,4x4xU,Lainey Wilson
2025-04-05,84,Little Things,Ella Mai
2025-04-05,85,Toxic,Playboi Carti & Skepta
2025-04-05,86,Friends Like That,John Morgan Featuring Jason Aldean
2025-04-05,87,Holy Smokes,Bailey Zimmerman
2025-04-05,88,Philly,Playboi Carti & Travis Scott
2025-04-05,89,Headlock,Imogen Heap
2025-04-05,90,Push 2 Start,Tyla
2025-04-05,91,Sunset Blvd,Selena Gomez & benny blanco
2025-04-05,92,Fine Shit,Playboi Carti
2025-04-05,93,Que Pasaria...,Rauw Alejandro & Bad Bunny
2025-04-05,94,Voy A Llevarte Pa PR,Bad Bunny
2025-04-12,1,Luther,Kendrick Lamar & SZA
2025-04-12,1,Die With A Smile,Lady Gaga & Bruno Mars
2025-04-12,1,Nokia,Drake
2025-04-12,19,A Bar Song (Tipsy),Shaboozey
2025-04-12,1,Pink Pony Club,Chappell Roan
2025-04-12,1,Lose Control,Teddy Swims
2025-04-12,19,APT.,ROSE & Bruno Mars
2025-04-12,2,Just In Case,Morgan Wallen
2025-04-12,3,I'm The Problem,Morgan Wallen
2025-04-12,4,Birds Of A Feather,Billie Eilish
2025-04-12,5,Beautiful Things,Benson Boone
2025-04-12,6,Anxiety,Doechii
2025-04-12,7,That's So True,Gracie Abrams
2025-04-12,8,Ordinary,Alex Warren
2025-04-12,9,Not Like Us,Kendrick Lamar
2025-04-12,10,TV Off,Kendrick Lamar Featuring Lefty Gunplay
2025-04-12,11,Love Somebody,Morgan Wallen
2025-04-12,12,Twilight Zone,Ariana Grande
2025-04-12,13,I Had Some Help,Post Malone Featuring Morgan Wallen
2025-04-12,14,Espresso,Sabrina Carpenter
2025-04-12,15,Mutt,Leon Thomas
2025-04-12,16,Messy,Lola Young
2025-04-12,17,Squabble Up,Kendrick Lamar
2025-04-12,18,30 For 30,SZA With Kendrick Lamar
2025-04-12,19,Sports Car,Tate McRae
2025-04-12,20,Timeless,The Weeknd & Playboi Carti
2025-04-12,21,Taste,Sabrina Carpenter
2025-04-12,22,Dark Thoughts,Lil Tecca
2025-04-12,23,The Giver,Chappell Roan
2025-04-12,24,I'm A Little Crazy,Morgan Wallen
2025-04-12,25,I Never Lie,Zach Top
2025-04-12,26,Stargazing,Myles Smith
2025-04-12,27,Abracadabra,Lady Gaga
2025-04-12,28,Denial Is A River,Doechii
2025-04-12,29,Rather Lie,Playboi Carti & The Weeknd
2025-04-12,30,No One Noticed,The Marias
2025-04-12,31,"Good Luck, Babe!",Chappell Roan
2025-04-12,32,Dandelion,Ariana Grande
2025-04-12,33,Sailor Song,Gigi Perez
2025-04-12,34,Bad Dreams,Teddy Swims
2025-04-12,35,DTMF,Bad Bunny
2025-04-12,36,Intro (End Of The World),Ariana Grande
2025-04-12,37,Bed Chem,Sabrina Carpenter
2025-04-12,38,Indigo,Sam Barber Featuring Avery Anna
2025-04-12,39,Worst Way,Riley Green
2025-04-12,40,Wildflower,Billie Eilish
2025-04-12,41,Sorry I'm Here For Someone Else,Benson Boone
2025-04-12,42,BMF,SZA
2025-04-12,43,Residuals,Chris Brown
2025-04-12,44,Evil J0rdan,Playboi Carti
2025-04-12,45,Good News,Shaboozey
2025-04-12,46,Cry For Me,The Weeknd
2025-04-12,47,Past Life,Ariana Grande
2025-04-12,48,Warm,Ariana Grande
2025-04-12,49,Me Jalo,Fuerza Regida & Grupo Frontera
2025-04-12,50,Ojos Tristes,"Selena Gomez, benny blanco & The Marias"
2025-04-12,51,Baile Inolvidable,Bad Bunny
2025-04-12,52,Smile,Morgan Wallen
2025-04-12,53,Hampstead,Ariana Grande
2025-04-12,54,Call Me When You Break Up,"Selena Gomez, benny blanco & Gracie Abrams"
2025-04-12,55,Revolving Door,Tate McRae
2025-04-12,56,Gimme A Hug,Drake
2025-04-12,57,Vanish Mode,Lil Durk
2025-04-12,58,Somebody Loves Me,PARTYNEXTDOOR & Drake
2025-04-12,59,Te Queria Ver,Aleman X Neton Vega
2025-04-12,60,Die Trying,"PARTYNEXTDOOR, Drake & Yebba"
2025-04-12,61,Peekaboo,Kendrick Lamar Featuring AzChike
2025-04-12,62,Loco,Neton Vega
2025-04-12,63,Weren't For The Wind,Ella Langley
2025-04-12,64,Am I Okay?,Megan Moroney
2025-04-12,65,Hard Fought Hallelujah,Brandon Lake X Jelly Roll
2025-04-12,66,They Want To Be You,Lil Durk Featuring Future
2025-04-12,67,Heart Of A Woman,Summer Walker
2025-04-12,68,Like Him,"Tyler, The Creator Featuring Lola Young"
2025-04-12,69,EOO,Bad Bunny
2025-04-12,70,Busy Woman,Sabrina Carpenter
2025-04-12,71,Somethin' 'Bout A Woman,Thomas Rhett Featuring Teddy Swims
2025-04-12,72,No Pole,Don Toliver
2025-04-12,73,Texas,Blake Shelton
2025-04-12,74,This Town's Been Too Good To Us,Dylan Scott
2025-04-12,75,Love Me Not,Ravyn Lenae
2025-04-12,76,Nuevayol,Bad Bunny
2025-04-12,77,1000 Times,Lil Durk Featuring Lil Baby
2025-04-12,78,Can't Hide It,Lil Durk Featuring Jhene Aiko
2025-04-12,79,Are You Even Real,Teddy Swims & GIVEON
2025-04-12,80,Feel It,d4vd
2025-04-12,81,Friends Like That,John Morgan Featuring Jason Aldean
2025-04-12,82,Holy Smokes,Bailey Zimmerman
2025-04-12,83,4x4xU,Lainey Wilson
2025-04-12,84,Back To Friends,sombr
2025-04-12,85,Hometown Home,LOCASH
2025-04-12,86,Tweaker,GELO
2025-04-12,87,Morena,Neton Vega & Peso Pluma
2025-04-12,88,Shaking When I Pray,Lil Durk
2025-04-12,89,Fix What You Didn't Break,Nate Smith
2025-04-12,90,Keep On Sippin',Lil Durk
2025-04-12,91,Headlock,Imogen Heap
2025-04-12,92,Little Things,Ella Mai
2025-04-12,93,Tattoo,Tito Double P
2025-04-12,94,Que Pasaria...,Rauw Alejandro & Bad Bunny
2025-04-19,1,Luther,Kendrick Lamar & SZA
2025-04-19,1,Nokia,Drake
2025-04-19,1,Die With A Smile,Lady Gaga & Bruno Mars
2025-04-19,20,All The Way,BigXthaPlug Featuring Bailey Zimmerman
2025-04-19,1,Pink Pony Club,Chappell Roan
2025-04-19,1,A Bar Song (Tipsy),Shaboozey
2025-04-19,20,Ordinary,Alex Warren
2025-04-19,2,Lose Control,Teddy Swims
2025-04-19,3,I'm The Problem,Morgan Wallen
2025-04-19,4,Beautiful Things,Benson Boone
2025-04-19,5,Birds Of A Feather,Billie Eilish
2025-04-19,6,Just In Case,Morgan Wallen
2025-04-19,7,APT.,ROSE & Bruno Mars
2025-04-19,8,Anxiety,Doechii
2025-04-19,9,That's So True,Gracie Abrams
2025-04-19,10,Not Like Us,Kendrick Lamar
2025-04-19,11,Espresso,Sabrina Carpenter
2025-04-19,12,TV Off,Kendrick Lamar Featuring Lefty Gunplay
2025-04-19,13,Love Somebody,Morgan Wallen
2025-04-19,14,I Had Some Help,Post Malone Featuring Morgan Wallen
2025-04-19,15,Mutt,Leon Thomas
2025-04-19,16,Messy,Lola Young
2025-04-19,17,Squabble Up,Kendrick Lamar
2025-04-19,18,Sports Car,Tate McRae
2025-04-19,19,30 For 30,SZA With Kendrick Lamar
2025-04-19,20,Timeless,The Weeknd & Playboi Carti
2025-04-19,21,Taste,Sabrina Carpenter
2025-04-19,22,Azizam,Ed Sheeran
2025-04-19,23,I Never Lie,Zach Top
2025-04-19,24,Stargazing,Myles Smith
2025-04-19,25,No One Noticed,The Marias
2025-04-19,26,I'm A Little Crazy,Morgan Wallen
2025-04-19,27,Dark Thoughts,Lil Tecca
2025-04-19,28,Caramel,Sleep Token
2025-04-19,29,Denial Is A River,Doechii
2025-04-19,30,Sailor Song,Gigi Perez
2025-04-19,31,Bad Dreams,Teddy Swims
2025-04-19,32,Abracadabra,Lady Gaga
2025-04-19,33,"Good Luck, Babe!",Chappell Roan
2025-04-19,34,The Giver,Chappell Roan
2025-04-19,35,Twilight Zone,Ariana Grande
2025-04-19,36,Worst Way,Riley Green
2025-04-19,37,Indigo,Sam Barber Featuring Avery Anna
2025-04-19,38,Good News,Shaboozey
2025-04-19,39,Wildflower,Billie Eilish
2025-04-19,40,Rather Lie,Playboi Carti & The Weeknd
2025-04-19,41,Sorry I'm Here For Someone Else,Benson Boone
2025-04-19,42,DTMF,Bad Bunny
2025-04-19,43,Cry For Me,The Weeknd
2025-04-19,44,Residuals,Chris Brown
2025-04-19,45,BMF,SZA
2025-04-19,46,End Of The World,Miley Cyrus
2025-04-19,47,Me Jalo,Fuerza Regida & Grupo Frontera
2025-04-19,48,Baile Inolvidable,Bad Bunny
2025-04-19,49,Am I Okay?,Megan Moroney
2025-04-19,50,Somebody Loves Me,PARTYNEXTDOOR & Drake
2025-04-19,51,Revolving Door,Tate McRae
2025-04-19,52,Ojos Tristes,"Selena Gomez, benny blanco & The Marias"
2025-04-19,53,Smile,Morgan Wallen
2025-04-19,54,Dandelion,Ariana Grande
2025-04-19,55,Te Queria Ver,Aleman X Neton Vega
2025-04-19,56,Evil J0rdan,Playboi Carti
2025-04-19,57,Weren't For The Wind,Ella Langley
2025-04-19,58,Call Me When You Break Up,"Selena Gomez, benny blanco & Gracie Abrams"
2025-04-19,59,Loco,Neton Vega
2025-04-19,60,Gimme A Hug,Drake
2025-04-19,61,Peekaboo,Kendrick Lamar Featuring AzChike
2025-04-19,62,Chest Pain (I Love),Malcolm Todd
2025-04-19,63,Hard Fought Hallelujah,Brandon Lake X Jelly Roll
2025-04-19,64,Back To Friends,sombr
2025-04-19,65,Die Trying,"PARTYNEXTDOOR, Drake & Yebba"
2025-04-19,66,Busy Woman,Sabrina Carpenter
2025-04-19,67,Heart Of A Woman,Summer Walker
2025-04-19,68,Somethin' 'Bout A Woman,Thomas Rhett Featuring Teddy Swims
2025-04-19,69,EOO,Bad Bunny
2025-04-19,70,Like Him,"Tyler, The Creator Featuring Lola Young"
2025-04-19,71,No Pole,Don Toliver
2025-04-19,72,Friends Like That,John Morgan Featuring Jason Aldean
2025-04-19,73,Love Me Not,Ravyn Lenae
2025-04-19,74,Holy Smokes,Bailey Zimmerman
2025-04-19,75,Texas,Blake Shelton
2025-04-19,76,Are You Even Real,Teddy Swims & GIVEON
2025-04-19,77,Morena,Neton Vega & Peso Pluma
2025-04-19,78,Feel It,d4vd
2025-04-19,79,Que Pasaria...,Rauw Alejandro & Bad Bunny
2025-04-19,80,Back To Me,The Marias
2025-04-19,81,Fix What You Didn't Break,Nate Smith
2025-04-19,82,Emergence,Sleep Token
2025-04-19,83,Intro (End Of The World),Ariana Grande
2025-04-19,84,Nuevayol,Bad Bunny
2025-04-19,85,Hometown Home,LOCASH
2025-04-19,86,The Largest,BigXthaPlug
2025-04-19,87,Headlock,Imogen Heap
2025-04-19,88,Tattoo,Tito Double P
2025-04-19,89,Backseat Driver,Kane Brown
2025-04-19,90,Undressed,sombr
2025-04-19,91,Little Things,Ella Mai
2025-04-19,92,Por Esos Ojos,Fuerza Regida
2025-04-19,93,Haunted,Kane Brown With Jelly Roll
2025-04-19,94,Khe?,Rauw Alejandro & Romeo Santos
2025-04-26,1,Luther,Kendrick Lamar & SZA
2025-04-26,1,Die With A Smile,Lady Gaga & Bruno Mars
2025-04-26,1,Nokia,Drake
2025-04-26,21,Pink Pony Club,Chappell Roan
2025-04-26,1,Ordinary,Alex Warren
2025-04-26,1,A Bar Song (Tipsy),Shaboozey
2025-04-26,21,Lose Control,Teddy Swims
2025-04-26,2,All The Way,BigXthaPlug Featuring Bailey Zimmerman
2025-04-26,3,Beautiful Things,Benson Boone
2025-04-26,4,I'm The Problem,Morgan Wallen
2025-04-26,5,Just In Case,Morgan Wallen
2025-04-26,6,Birds Of A Feather,Billie Eilish
2025-04-26,7,APT.,ROSE & Bruno Mars
2025-04-26,8,Anxiety,Doechii
2025-04-26,9,Espresso,Sabrina Carpenter
2025-04-26,10,Mutt,Leon Thomas
2025-04-26,11,I Had Some Help,Post Malone Featuring Morgan Wallen
2025-04-26,12,That's So True,Gracie Abrams
2025-04-26,13,Not Like Us,Kendrick Lamar
2025-04-26,14,Love Somebody,Morgan Wallen
2025-04-26,15,TV Off,Kendrick Lamar Featuring Lefty Gunplay
2025-04-26,16,Messy,Lola Young
2025-04-26,17,Sports Car,Tate McRae
2025-04-26,18,Squabble Up,Kendrick Lamar
2025-04-26,19,30 For 30,SZA With Kendrick Lamar
2025-04-26,20,Abracadabra,Lady Gaga
2025-04-26,21,Timeless,The Weeknd & Playboi Carti
2025-04-26,22,Taste,Sabrina Carpenter
2025-04-26,23,I Never Lie,Zach Top
2025-04-26,24,No One Noticed,The Marias
2025-04-26,25,Stargazing,Myles Smith
2025-04-26,26,Bad Dreams,Teddy Swims
2025-04-26,27,Fortnight,Taylor Swift Featuring Post Malone
2025-04-26,28,Good News,Shaboozey
2025-04-26,29,Sailor Song,Gigi Perez
2025-04-26,30,Sorry I'm Here For Someone Else,Benson Boone
2025-04-26,31,I'm A Little Crazy,Morgan Wallen
2025-04-26,32,Worst Way,Riley Green
2025-04-26,33,Azizam,Ed Sheeran
2025-04-26,34,Indigo,Sam Barber Featuring Avery Anna
2025-04-26,35,Dark Thoughts,Lil Tecca
2025-04-26,36,Denial Is A River,Doechii
2025-04-26,37,Cry For Me,The Weeknd
2025-04-26,38,Wildflower,Billie Eilish
2025-04-26,39,DTMF,Bad Bunny
2025-04-26,40,Residuals,Chris Brown
2025-04-26,41,Twilight Zone,Ariana Grande
2025-04-26,42,Me Jalo,Fuerza Regida & Grupo Frontera
2025-04-26,43,Rather Lie,Playboi Carti & The Weeknd
2025-04-26,44,Am I Okay?,Megan Moroney
2025-04-26,45,The Giver,Chappell Roan
2025-04-26,46,Weren't For The Wind,Ella Langley
2025-04-26,47,Baile Inolvidable,Bad Bunny
2025-04-26,48,Somebody Loves Me,PARTYNEXTDOOR & Drake
2025-04-26,49,BMF,SZA
2025-04-26,50,Back To Friends,sombr
2025-04-26,51,Friends Like That,John Morgan Featuring Jason Aldean
2025-04-26,52,Te Queria Ver,Aleman X Neton Vega
2025-04-26,53,Smile,Morgan Wallen
2025-04-26,54,Ojos Tristes,"Selena Gomez, benny blanco & The Marias"
2025-04-26,55,Revolving Door,Tate McRae
2025-04-26,56,Loco,Neton Vega
2025-04-26,57,Hard Fought Hallelujah,Brandon Lake X Jelly Roll
2025-04-26,58,Peekaboo,Kendrick Lamar Featuring AzChike
2025-04-26,59,Somethin' 'Bout A Woman,Thomas Rhett Featuring Teddy Swims
2025-04-26,60,Busy Woman,Sabrina Carpenter
2025-04-26,61,Holy Smokes,Bailey Zimmerman
2025-04-26,62,Caramel,Sleep Token
2025-04-26,63,End Of The World,Miley Cyrus
2025-04-26,64,Love Me Not,Ravyn Lenae
2025-04-26,65,Gimme A Hug,Drake
2025-04-26,66,Fix What You Didn't Break,Nate Smith
2025-04-26,67,Call Me When You Break Up,"Selena Gomez, benny blanco & Gracie Abrams"
2025-04-26,68,Texas,Blake Shelton
2025-04-26,69,Die Trying,"PARTYNEXTDOOR, Drake & Yebba"
2025-04-26,70,No Pole,Don Toliver
2025-04-26,71,Chest Pain (I Love),Malcolm Todd
2025-04-26,72,Are You Even Real,Teddy Swims & GIVEON
2025-04-26,73,EOO,Bad Bunny
2025-04-26,74,Like Him,"Tyler, The Creator Featuring Lola Young"
2025-04-26,75,Blue Strips,Jessie Murph
2025-04-26,76,The Largest,BigXthaPlug
2025-04-26,77,Morena,Neton Vega & Peso Pluma
2025-04-26,78,Undressed,sombr
2025-04-26,79,Feel It,d4vd
2025-04-26,80,Backseat Driver,Kane Brown
2025-04-26,81,Evil J0rdan,Playboi Carti
2025-04-26,82,Que Pasaria...,Rauw Alejandro & Bad Bunny
2025-04-26,83,Nuevayol,Bad Bunny
2025-04-26,84,"Henry, Come On",Lana Del Rey
2025-04-26,85,Haunted,Kane Brown With Jelly Roll
2025-04-26,86,Tattoo,Tito Double P
2025-04-26,87,Headlock,Imogen Heap
2025-04-26,88,Hands Of Time,Eric Church
2025-04-26,89,Por Esos Ojos,Fuerza Regida
2025-04-26,90,like JENNIE,JENNIE
2025-04-26,91,Not At This Party,Dasha
2025-04-26,92,Whiskey Drink,Jason Aldean
2025-04-26,93,Little Things,Ella Mai
2025-04-26,94,Dandelion,Ariana Grande
2025-05-03,1,Luther,Kendrick Lamar & SZA
2025-05-03,1,Die With A Smile,Lady Gaga & Bruno Mars
2025-05-03,1,Ordinary,Alex Warren
2025-05-03,22,Nokia,Drake
2025-05-03,1,A Bar Song (Tipsy),Shaboozey
2025-05-03,1,Pink Pony Club,Chappell Roan
2025-05-03,22,I'm The Problem,Morgan Wallen
2025-05-03,2,I Ain't Coming Back,Morgan Wallen & Post Malone
2025-05-03,3,Lose Control,Teddy Swims
2025-05-03,4,Beautiful Things,Benson Boone
2025-05-03,5,All The Way,BigXthaPlug Featuring Bailey Zimmerman
2025-05-03,6,Anxiety,Doechii
2025-05-03,7,Birds Of A Feather,Billie Eilish
2025-05-03,8,Just In Case,Morgan Wallen
2025-05-03,9,I Had Some Help,Post Malone Featuring Morgan Wallen
2025-05-03,10,APT.,ROSE & Bruno Mars
2025-05-03,11,Love Somebody,Morgan Wallen
2025-05-03,12,Mutt,Leon Thomas
2025-05-03,13,Espresso,Sabrina Carpenter
2025-05-03,14,That's So True,Gracie Abrams
2025-05-03,15,Not Like Us,Kendrick Lamar
2025-05-03,16,Messy,Lola Young
2025-05-03,17,TV Off,Kendrick Lamar Featuring Lefty Gunplay
2025-05-03,18,30 For 30,SZA With Kendrick Lamar
2025-05-03,19,Sports Car,Tate McRae
2025-05-03,20,Abracadabra,Lady Gaga
2025-05-03,21,Squabble Up,Kendrick Lamar
2025-05-03,22,Stargazing,Myles Smith
2025-05-03,23,No One Noticed,The Marias
2025-05-03,24,Bad Dreams,Teddy Swims
2025-05-03,25,I Never Lie,Zach Top
2025-05-03,26,Timeless,The Weeknd & Playboi Carti
2025-05-03,27,Taste,Sabrina Carpenter
2025-05-03,28,Sorry I'm Here For Someone Else,Benson Boone
2025-05-03,29,Blue Strips,Jessie Murph
2025-05-03,30,Worst Way,Riley Green
2025-05-03,31,Good News,Shaboozey
2025-05-03,32,Sailor Song,Gigi Perez
2025-05-03,33,Weren't For The Wind,Ella Langley
2025-05-03,34,Hard Fought Hallelujah,Brandon Lake X Jelly Roll
2025-05-03,35,I'm A Little Crazy,Morgan Wallen
2025-05-03,36,Azizam,Ed Sheeran
2025-05-03,37,Wildflower,Billie Eilish
2025-05-03,38,Cry For Me,The Weeknd
2025-05-03,39,Dark Thoughts,Lil Tecca
2025-05-03,40,Residuals,Chris Brown
2025-05-03,41,Denial Is A River,Doechii
2025-05-03,42,DTMF,Bad Bunny
2025-05-03,43,Indigo,Sam Barber Featuring Avery Anna
2025-05-03,44,Am I Okay?,Megan Moroney
2025-05-03,45,Back To Friends,sombr
2025-05-03,46,Me Jalo,Fuerza Regida & Grupo Frontera
2025-05-03,47,Love Me Not,Ravyn Lenae
2025-05-03,48,Smile,Morgan Wallen
2025-05-03,49,Twilight Zone,Ariana Grande
2025-05-03,50,Somebody Loves Me,PARTYNEXTDOOR & Drake
2025-05-03,51,Undressed,sombr
2025-05-03,52,Revolving Door,Tate McRae
2025-05-03,53,Baile Inolvidable,Bad Bunny
2025-05-03,54,Rather Lie,Playboi Carti & The Weeknd
2025-05-03,55,The Giver,Chappell Roan
2025-05-03,56,Peekaboo,Kendrick Lamar Featuring AzChike
2025-05-03,57,BMF,SZA
2025-05-03,58,Fix What You Didn't Break,Nate Smith
2025-05-03,59,Holy Smokes,Bailey Zimmerman
2025-05-03,60,Somethin' 'Bout A Woman,Thomas Rhett Featuring Teddy Swims
2025-05-03,61,Te Queria Ver,Aleman X Neton Vega
2025-05-03,62,Friends Like That,John Morgan Featuring Jason Aldean
2025-05-03,63,Loco,Neton Vega
2025-05-03,64,Texas,Blake Shelton
2025-05-03,65,Happen To Me,Russell Dickerson
2025-05-03,66,Your Way's Better,Forrest Frank
2025-05-03,67,Backseat Driver,Kane Brown
2025-05-03,68,Busy Woman,Sabrina Carpenter
2025-05-03,69,Are You Even Real,Teddy Swims & GIVEON
2025-05-03,70,Ojos Tristes,"Selena Gomez, benny blanco & The Marias"
2025-05-03,71,EOO,Bad Bunny
2025-05-03,72,Steve's Lava Chicken,Jack Black
2025-05-03,73,The Largest,BigXthaPlug
2025-05-03,74,No Pole,Don Toliver
2025-05-03,75,Feel It,d4vd
2025-05-03,76,Die Trying,"PARTYNEXTDOOR, Drake & Yebba"
2025-05-03,77,Like Him,"Tyler, The Creator Featuring Lola Young"
2025-05-03,78,Morena,Neton Vega & Peso Pluma
2025-05-03,79,Haunted,Kane Brown With Jelly Roll
2025-05-03,80,Gimme A Hug,Drake
2025-05-03,81,Headphones On,Addison Rae
2025-05-03,82,End Of The World,Miley Cyrus
2025-05-03,83,Whiskey Drink,Jason Aldean
2025-05-03,84,Call Me When You Break Up,"Selena Gomez, benny blanco & Gracie Abrams"
2025-05-03,85,Forever To Me,Cole Swindell
2025-05-03,86,Whim Whamiee,PLUTO & YKNIECE
2025-05-03,87,Chest Pain (I Love),Malcolm Todd
2025-05-03,88,Nuevayol,Bad Bunny
2025-05-03,89,Party 4 U,Charli xcx
2025-05-03,90,Actin Up,Tommy Richman
2025-05-03,91,Tattoo,Tito Double P
2025-05-03,92,House Again,Hudson Westbrook
2025-05-03,93,like JENNIE,JENNIE
2025-05-03,94,Caramel,Sleep Token
