title,artist_combined,date,rank,spotify_id,daily_rank,daily_movement,weekly_movement,country,snapshot_date,popularity,is_explicit,duration_ms,album_name,album_release_date,danceability,energy,key,loudness,mode,speechiness,acousticness,instrumentalness,liveness,valence,tempo,time_signature,primary_artist
all i want for christmas is you,mariah carey,2025-01-04,1,0bYg9bo50gSsH3LtXe2SQn,14,0,-4,UA,1/2/2025,97,False,241106,Merry Christmas,10/28/1994,0.336,0.627,7,-7.463,1,0.0384,0.164,0.0,0.0708,0.35,150.273,4,mariah carey
rockin' around the christmas tree,brenda lee,2025-01-04,1,2EjXfH91m7f8HiJN1yQg97,45,-10,-29,UA,1/2/2025,96,False,126266,Merry Christmas From Brenda Lee,10/19/1964,0.598,0.47,8,-8.744,1,0.0496,0.617,0.0,0.505,0.879,67.086,4,brenda lee
last christmas,wham!,2025-01-04,1,2FRnf9qhLbvw8fu4IBXx78,29,-22,-20,UA,1/3/2025,95,False,262960,LAST CHRISTMAS,11/29/1984,0.735,0.478,2,-12.472,1,0.0293,0.189,2.48e-06,0.355,0.947,107.682,4,wham!
jingle bell rock,bobby helms,2025-01-04,71,7vQbuQcyTflfCIOu3Uzzya,37,-4,-20,UA,1/2/2025,94,False,130973,Jingle Bell Rock/Captain Santa Claus (And His Reindeer Space Patrol),12/2/1957,0.754,0.424,2,-8.463,1,0.0363,0.643,0.0,0.0652,0.806,119.705,4,bobby helms
santa tell me,ariana grande,2025-01-04,1,0lizgQ7Qw35od7CYaoMBZb,48,-15,-42,LV,12/29/2024,95,False,204093,Santa Tell Me,11/24/2014,0.525,0.621,7,-7.364,1,0.117,0.0489,0.0,0.291,0.592,191.868,4,ariana grande
a holly jolly christmas,burl ives,2025-01-04,1,2BlRuvtjcthW3CP5zX75YK,38,12,12,US,12/19/2024,2,False,133839,A Holly Jolly Christmas,12/17/2024,0.665,0.365,0,-13.03,1,0.03,0.653,0.0,0.109,0.865,140.418,4,burl ives
it's the most wonderful time of the year,andy williams,2025-01-04,71,5hslUAKq9I9CG2bAulFkHN,32,-29,-24,NL,12/28/2024,93,False,151933,The Andy Williams Christmas Album,11/24/1963,0.24,0.598,7,-8.435,1,0.0369,0.766,0.0,0.117,0.776,201.629,3,andy williams
let it snow! let it snow! let it snow!,dean martin,2025-01-04,2,2uFaJJtFpPDc5Pa95XzTvg,44,-10,-35,LV,12/29/2024,94,False,117146,A Winter Romance,1/1/1959,0.451,0.241,1,-14.014,1,0.0352,0.912,2.66e-06,0.175,0.698,134.009,4,dean martin
underneath the tree,kelly clarkson,2025-01-04,3,3YZE5qDV7u1ZD1gZc47ZeR,34,16,16,NL,12/28/2024,85,False,229640,Wrapped In Red,10/29/2013,0.509,0.812,8,-5.439,1,0.0537,0.00128,1.99e-05,0.214,0.689,159.878,4,kelly clarkson
the christmas song (merry christmas to you),"nat ""king"" cole / nat king cole",2025-01-04,4,5humEOJehpAwMJEJmb0JJ2,45,-31,-16,,12/27/2024,82,False,190973,The Nat King Cole Story,9/25/1961,0.283,0.095,1,-17.828,1,0.0398,0.904,3.36e-05,0.128,0.187,66.862,4,nat king cole
it's beginning to look a lot like christmas,michael buble / michael bublé,2025-01-04,6,1rv46mRwDqMEhOBZ7vODg3,39,-16,-32,NO,12/29/2024,85,False,207199,Christmas (Deluxe Special Edition),10/24/2011,0.331,0.223,4,-11.274,1,0.0338,0.88,5.92e-06,0.343,0.355,92.896,3,michael bublé
sleigh ride,the ronettes,2025-01-04,7,7fUYUcWy853HS8YJn0b3Sr,49,-41,-40,NL,12/28/2024,80,False,181266,Sleigh Ride,12/4/2020,0.529,0.772,2,-7.013,1,0.0287,0.403,2.21e-06,0.316,0.853,91.751,4,the ronettes
run rudolph run,chuck berry,2025-01-04,8,2pnPe4pJtq7689i5ydzvJJ,36,-21,-7,US,12/27/2024,89,False,165733,Rock 'N' Roll Rarities,1/1/1986,0.681,0.715,7,-10.609,0,0.0912,0.812,9.43e-06,0.0777,0.957,152.134,4,chuck berry
christmas (baby please come home),darlene love,2025-01-04,9,47ohYW8e7dxCYn9qbUMBCI,44,-30,-16,US,12/27/2024,87,False,166453,"Christmas (Baby, Please Come Home)",12/4/2020,0.325,0.759,8,-7.146,1,0.053,0.395,0.000362,0.0773,0.36,126.627,4,darlene love
it's beginning to look a lot like christmas / it's beginning to look a lot like christmas (with mitchell ayres & his orchestra),"perry como and the fontane sisters with mitchell ayres and his orchestra / perry como, the fontane sisters, mitchell ayres & his orchestra",2025-01-04,10,2pXpURmn6zC5ZYDMms6fwa,25,-16,25,US,12/27/2024,91,False,155933,Greatest Christmas Songs,8/23/1999,0.724,0.276,7,-12.25,1,0.0599,0.76,0.0,0.116,0.718,112.874,4,perry como
die with a smile,"lady gaga & bruno mars / lady gaga, bruno mars",2025-01-04,11,7so0lgd0zP2Sbgs2d7a1SZ,1,0,0,,4/2/2025,88,False,251667,MAYHEM,3/7/2025,0.519,0.601,6,-7.727,0,0.0317,0.289,0.0,0.126,0.498,157.964,3,lady gaga
jingle bells / jingle bells - remastered 1999,frank sinatra with the orchestra & chorus of gordon jenkins / frank sinatra,2025-01-04,12,4HEOgBHRCExyYVeTyrXsnL,39,-7,6,CA,12/27/2024,85,False,120693,,,0.511,0.34,8,-13.119,1,0.049,0.727,0.0,0.0977,0.952,174.661,4,frank sinatra
white christmas (1947) / white christmas - 1947 version,"bing crosby with ken darby singers & john scott trotter & his orchestra / bing crosby, ken darby singers, john scott trotter & his orchestra",2025-01-04,13,3XsaSIPWvM61RIFfeb0BBR,39,-23,-18,US,12/27/2024,89,False,183613,White Christmas,1/1/1945,0.234,0.202,9,-16.222,1,0.0332,0.906,5.55e-05,0.387,0.187,96.593,4,bing crosby
deck the halls / deck the hall,nat king cole,2025-01-04,14,0rHToGels2lt8Y0mCYoF90,40,-7,10,CA,12/27/2024,88,False,68760,The Christmas Song (Expanded Edition),1/1/1962,0.684,0.437,9,-10.522,1,0.0491,0.742,1.63e-05,0.224,0.964,107.607,4,nat king cole
blue christmas,elvis presley,2025-01-04,15,3QiAAp20rPC3dcAtKtMaqQ,42,-25,-7,US,12/27/2024,89,False,129173,Elvis' Christmas Album,10/15/1957,0.465,0.27,4,-16.661,1,0.0425,0.9,0.00104,0.145,0.58,94.518,4,elvis presley
here comes santa claus (right down santa claus lane) / here comes santa claus (right down santa claus lane) - 1947 version,gene autry,2025-01-04,17,25leEEaz1gIpp7o21Fqyjo,37,4,13,US,12/26/2024,85,False,150266,Rudolph The Red Nosed Reindeer And Other Christmas Classics,1/1/1947,0.834,0.371,1,-11.99,1,0.0358,0.799,0.0,0.275,0.976,96.628,4,gene autry
a bar song (tipsy),shaboozey,2025-01-04,18,5fZJQrFKWQLb7FpJXZ1g7K,40,4,0,US,4/2/2025,84,True,171291,"Where I've Been, Isn't Where I'm Going",5/31/2024,0.722,0.706,9,-4.857,1,0.0292,0.072,0.0,0.067,0.599,80.969,4,shaboozey
little saint nick / little saint nick - 1991 remix,the beach boys,2025-01-04,19,5xlS0QkVrSH7ssEbBgBzbM,47,-13,2,GB,12/27/2024,86,False,118840,The Beach Boys' Christmas Album,11/9/1964,0.602,0.553,11,-9.336,1,0.0328,0.108,0.0,0.0512,0.971,130.594,4,the beach boys
wonderful christmastime / wonderful christmastime - edited version / remastered 2011,paul mccartney,2025-01-04,20,1SV1fxF65n9NhRHp3KlBuu,13,0,4,NL,12/27/2024,91,False,227653,McCartney II (Special Edition),5/16/1980,0.773,0.511,11,-8.914,1,0.0324,0.322,0.0,0.0672,0.775,94.711,4,paul mccartney
luther / luther (with sza),"kendrick lamar & sza / kendrick lamar, sza",2025-01-04,21,2CGNAOSuO1MEFCbBRgUzjd,5,1,0,,4/2/2025,94,False,177598,GNX,11/21/2024,0.707,0.575,2,-7.546,1,0.125,0.251,0.0,0.248,0.576,138.008,4,kendrick lamar
birds of a feather,billie eilish,2025-01-04,22,6dOtVTDdiauQNBQEDOtlAB,2,1,1,,4/2/2025,99,False,210373,HIT ME HARD AND SOFT,5/17/2024,0.747,0.507,2,-10.171,1,0.0358,0.2,0.0608,0.117,0.438,104.978,4,billie eilish
please come home for christmas / please come home for christmas - 2013 remaster,eagles,2025-01-04,23,3QIoEi8Enr9uHffwInGIsC,35,0,15,NL,12/27/2024,87,False,177440,Please Come Home for Christmas / Funky New Year (2013 Remaster),11/27/1978,0.612,0.289,9,-11.568,1,0.0421,0.599,0.00266,0.0561,0.466,183.18,3,eagles
christmastime is here / christmas time is here,vince guaraldi trio,2025-01-04,25,3bMfUUpzUzqWp9II00yRhE,45,-11,5,CA,12/27/2024,81,False,163093,Charlie Brown Holiday Hits,1/1/1998,0.367,0.122,9,-21.34,0,0.0319,0.984,4.37e-05,0.172,0.104,75.265,3,vince guaraldi trio
that's so true / that’s so true,gracie abrams,2025-01-04,27,7ne4VBA60CxGM75vw0EYad,7,1,1,,4/2/2025,97,True,166300,The Secret of Us (Deluxe),10/18/2024,0.554,0.808,1,-4.169,1,0.0368,0.214,0.0,0.159,0.372,108.548,4,gracie abrams
this christmas,donny hathaway,2025-01-04,29,7MSYSOobsombc1mbDWFxtD,50,-7,0,NL,12/27/2024,73,False,231173,Donny Hathaway,1/1/1971,0.634,0.645,5,-9.2,1,0.0376,0.292,0.0,0.246,0.677,93.047,4,donny hathaway
holly jolly christmas,michael buble / michael bublé,2025-01-04,31,67mgz7S5y7hnCE63YBjfO6,29,-18,-1,,12/27/2024,84,False,121526,Christmas (Deluxe Special Edition),10/24/2011,0.609,0.427,0,-8.639,1,0.0417,0.857,0.0,0.0898,0.741,151.433,4,michael bublé
merry christmas,"ed sheeran & elton john / ed sheeran, elton john",2025-01-04,32,0hz5PNF2wejwUKCMpesQWt,38,-14,-12,NO,12/28/2024,84,False,208546,+-=÷× (Tour Collection),9/27/2024,0.594,0.935,0,-2.018,1,0.0357,0.243,2.36e-06,0.102,0.602,113.99,4,ed sheeran
like it's christmas,jonas brothers,2025-01-04,33,1OjmlSFuzYflWjSMTCyTJv,35,-7,15,DE,12/27/2024,85,False,200880,Like It's Christmas,11/8/2019,0.725,0.571,1,-6.007,1,0.102,0.0183,0.0,0.0519,0.61,146.035,4,jonas brothers
taste,sabrina carpenter,2025-01-04,35,5G2f63n7IPVPPjfNIGih7Q,40,-2,-2,,4/2/2025,91,False,157279,Short n' Sweet,8/23/2024,0.674,0.907,3,-4.086,1,0.064,0.101,0.0,0.297,0.721,112.964,4,sabrina carpenter
mistletoe,justin bieber,2025-01-04,36,54K9GOVJqIaDZNXLnnxiKc,32,-17,0,,12/27/2024,69,False,182946,Under The Mistletoe,1/1/2011,0.658,0.56,6,-9.049,0,0.0467,0.498,0.0,0.0794,0.854,161.993,4,justin bieber
snowman,sia,2025-01-04,37,7uoFMmxln0GPXQ0AcCBXRq,44,-26,-43,NO,1/2/2025,93,False,165900,Everyday Is Christmas (Deluxe Edition),11/1/2018,0.717,0.524,1,-6.222,1,0.0331,0.426,0.0,0.0932,0.339,104.953,3,sia
squabble up,kendrick lamar,2025-01-04,38,0nj9Bq5sHDiTxSHunhgkFb,37,2,-10,US,4/2/2025,91,True,157992,GNX,11/22/2024,0.874,0.672,0,-5.568,1,0.198,0.0206,0.0,0.0783,0.711,103.921,4,kendrick lamar
espresso,sabrina carpenter,2025-01-04,40,2HRqTpkrJO5ggZyyK6NPWz,22,-1,-3,,4/2/2025,90,True,175459,Short n' Sweet,8/23/2024,0.699,0.776,0,-5.282,1,0.0293,0.131,5.36e-06,0.205,0.708,103.963,4,sabrina carpenter
i had some help / i had some help (feat. morgan wallen),"post malone featuring morgan wallen / post malone, morgan wallen",2025-01-04,41,5IZXB5IKAD2qlvTPJYDCFB,27,4,10,US,4/2/2025,85,True,178205,F-1 Trillion,8/15/2024,0.644,0.874,0,-4.723,1,0.0265,0.0113,0.0,0.227,0.753,128.017,4,post malone
you make it feel like christmas / you make it feel like christmas (feat. blake shelton),"gwen stefani featuring blake shelton / gwen stefani, blake shelton",2025-01-04,44,2OQ6a4CfUeYskpTTgyawyJ,37,-2,13,DE,12/27/2024,86,False,156773,You Make It Feel Like Christmas,10/6/2017,0.635,0.87,2,-4.291,0,0.04,0.0152,0.0,0.118,0.912,92.999,4,gwen stefani
timeless,the weeknd & playboi carti / the weeknd,2025-01-04,45,0FIDCNYYjNvPVimz5icugS,6,44,44,,2/1/2025,0,True,256000,Hurry Up Tomorrow,1/31/2025,0.768,0.775,11,-5.06,0,0.0466,0.069,2.96e-06,0.138,0.6,119.999,4,the weeknd
love somebody,morgan wallen,2025-01-04,47,7hR22TOX3RorxJPcsz5Wbo,33,-1,-2,CA,4/2/2025,87,False,204828,Love Somebody,10/18/2024,0.619,0.843,5,-5.348,0,0.0284,0.00948,0.000118,0.164,0.746,122.064,4,morgan wallen
whatchu kno about me / whatchu kno about me (feat. sexyy red),"glorilla & sexyy red / glorilla, sexyy red",2025-01-04,48,5xeSd4HgzrYpNLEf3LfYLK,43,-11,-19,US,1/6/2025,81,True,149461,GLORIOUS,10/11/2024,0.832,0.684,1,-4.691,1,0.359,0.00449,0.0,0.229,0.68,166.976,4,glorilla
bmf,sza,2025-01-04,49,3U3hFkMr0Q90pD24EkE3Pr,50,-5,-6,SG,3/28/2025,89,True,180746,SOS Deluxe: LANA,12/20/2024,0.792,0.55,10,-8.528,0,0.0307,0.506,0.0166,0.087,0.972,128.023,4,sza
high road / high road (feat. jessie murph),"koe wetzel & jessie murph / koe wetzel, jessie murph",2025-01-04,51,1FhgmMvNlh3nJ1Ldc2eE6H,47,-2,3,US,7/26/2024,64,True,179413,9 Lives,7/19/2024,0.622,0.726,6,-5.608,1,0.0304,0.0518,0.0,0.0906,0.534,138.043,4,koe wetzel
sailor song,gigi perez,2025-01-04,52,2262bWmqomIaJXwCRHr13j,9,2,5,,4/2/2025,95,False,211978,Sailor Song,7/26/2024,0.494,0.413,11,-10.432,1,0.0254,0.682,6.72e-05,0.193,0.273,94.938,4,gigi perez
drive,sza,2025-01-04,53,2qYbtIf8dRkBkKIcZVGFDq,44,6,6,US,12/22/2024,57,True,185132,SOS Deluxe: LANA,12/20/2024,0.66,0.32,11,-12.591,1,0.0467,0.955,2.81e-05,0.0971,0.526,136.002,4,sza
bed chem,sabrina carpenter,2025-01-04,54,1UHS8Rf6h5Ar3CDWRd3wjF,49,-1,1,NO,4/2/2025,89,False,171869,Short n' Sweet,8/23/2024,0.739,0.727,11,-5.968,0,0.0426,0.0678,0.0,0.104,0.676,94.99,4,sabrina carpenter
messy,lola young,2025-01-04,55,35ISBknsCeZQtq66xABI9g,16,0,0,,4/2/2025,89,True,284066,This Wasn't Meant For You Anyway,6/21/2024,0.798,0.562,9,-5.913,1,0.0375,0.11,0.00606,0.122,0.647,110.991,4,lola young
diamond boy (dtm),sza,2025-01-04,56,0SCIwbS0Q4etwJmDyNjHaQ,49,-25,1,US,12/23/2024,70,False,217523,SOS Deluxe: LANA,12/20/2024,0.642,0.374,1,-11.73,0,0.048,0.827,0.000288,0.0997,0.397,133.041,4,sza
scorsese baby daddy,sza,2025-01-04,57,2E7a96qey4AzSOdK6H21vS,49,-5,-13,US,1/10/2025,82,True,153911,SOS Deluxe: LANA,12/20/2024,0.746,0.728,4,-6.75,1,0.0299,0.464,2.01e-05,0.103,0.795,103.991,4,sza
what do i do,sza,2025-01-04,58,6jTQijAuYxOd8DjQ8D6UkL,50,0,0,US,1/1/2025,79,True,167448,SOS Deluxe: LANA,12/20/2024,0.68,0.543,8,-8.308,1,0.0505,0.536,0.000929,0.164,0.66,146.037,4,sza
wind up missin' you / wind up missin’ you,tucker wetmore,2025-01-04,59,3EO58D1YpHnTvBy68gK8HE,47,-3,3,CA,1/11/2025,79,True,166666,Waves On A Sunset,10/4/2024,0.571,0.717,6,-5.807,1,0.0365,0.508,1.17e-06,0.112,0.661,171.858,4,tucker wetmore
pink pony club,chappell roan,2025-01-04,61,6393yGahSJ9slVdOwSxOVR,35,-3,1,,4/2/2025,88,False,258034,The Rise and Fall of a Midwest Princess,9/21/2023,0.61,0.65,6,-6.199,1,0.0474,0.399,0.0,0.11,0.507,106.719,4,chappell roan
tu boda,"oscar maydon & fuerza regida / oscar maydon, fuerza regida",2025-01-04,62,1cOboCuWYI2osTOfolMRS6,11,-2,4,SV,4/2/2025,89,True,225880,Tu Boda,9/26/2024,0.694,0.651,6,-6.968,1,0.0784,0.496,1.36e-05,0.0787,0.471,112.648,3,oscar maydon
no more hiding,sza,2025-01-04,63,3obGrchYRmtO5rk4O2ZtLZ,30,20,20,US,12/22/2024,62,False,162662,SOS Deluxe: LANA,12/20/2024,0.516,0.292,2,-12.991,0,0.0439,0.982,0.811,0.118,0.643,161.951,3,sza
i never lie,zach top,2025-01-04,66,3t6gUcGYLrUuqwpXjOFWQc,49,1,1,US,3/30/2025,83,False,224906,Cold Beer & Country Music,4/5/2024,0.782,0.641,3,-6.431,1,0.0275,0.332,0.00923,0.108,0.522,107.997,4,zach top
another life,sza,2025-01-04,67,4tfOoCcYPtb08J5HWlSo3r,49,0,1,US,1/1/2025,78,True,205214,SOS Deluxe: LANA,12/20/2024,0.332,0.45,7,-8.664,1,0.045,0.68,8.83e-06,0.116,0.357,215.338,3,sza
no one noticed,the marias / the marías,2025-01-04,68,3siwsiaEoU4Kuuc9WKMUy5,18,1,4,US,4/2/2025,91,False,236906,Submarine,5/31/2024,0.705,0.339,7,-10.612,1,0.0278,0.552,0.0814,0.12,0.457,97.989,4,the marías
defying gravity,"cynthia erivo featuring ariana grande / cynthia erivo, ariana grande",2025-01-04,69,5QMrH5nszZZR3nefIj6Mar,48,-1,-14,GB,12/18/2024,85,False,459766,Wicked: The Soundtrack,11/22/2024,0.31,0.303,1,-10.345,1,0.0344,0.527,0.0,0.0436,0.208,148.419,4,cynthia erivo
it's ok i'm ok,tate mcrae,2025-01-04,70,3OfqwyE7RrZrtuxCRixfII,50,0,-13,CA,3/6/2025,73,True,156642,So Close To What,2/21/2025,0.749,0.53,1,-7.603,0,0.0448,0.0122,0.000148,0.0772,0.374,115.011,4,tate mcrae
run rudolph run / run rudolph run - spotify singles holiday,mark ambor,2025-01-04,72,6pheMGrfMwwnypqafU7d4k,45,-20,5,IE,12/27/2024,87,False,155846,Run Rudolph Run - Spotify Singles Holiday,10/15/2024,0.707,0.735,11,-6.748,1,0.0344,0.0982,8.35e-05,0.124,0.962,140.051,4,mark ambor
love me 4 me,sza,2025-01-04,73,7eCVm5KcpFrDhx6XHkF3t6,49,1,1,US,12/22/2024,58,False,185749,SOS Deluxe: LANA,12/20/2024,0.61,0.576,11,-10.319,0,0.0319,0.339,0.00128,0.181,0.592,147.957,4,sza
chill baby / kill bill,sza,2025-01-04,74,1Qrg8KqiBpW07V7PNxwwwL,50,0,-7,MY,3/1/2025,82,False,153946,SOS,12/8/2022,0.644,0.735,8,-5.747,1,0.0391,0.0521,0.144,0.161,0.418,88.98,4,sza
my turn / saturn,sza,2025-01-04,75,040I32EKLxQrkuxQu1pqvT,49,-1,1,US,2/14/2025,80,False,186191,SOS Deluxe: LANA,12/20/2024,0.557,0.577,1,-7.514,1,0.027,0.64,0.0,0.104,0.328,89.111,4,sza
hey now / hey now (feat. dody6),"kendrick lamar featuring dody6 / kendrick lamar, dody6",2025-01-04,76,5S8VwnB4sLi6W0lYTWYylu,46,-1,4,US,2/14/2025,81,True,217478,GNX,11/22/2024,0.806,0.358,10,-8.769,1,0.117,0.00443,0.00162,0.412,0.188,102.011,4,kendrick lamar
que pasaria... / qué pasaría...,"rauw alejandro & bad bunny / rauw alejandro, bad bunny",2025-01-04,77,0l0vcZMU7AOeQmUIREoI2U,32,-5,-8,VE,4/2/2025,90,True,191018,Cosa Nuestra,11/15/2024,0.833,0.563,4,-5.593,0,0.204,0.528,1.27e-05,0.139,0.343,105.008,4,rauw alejandro
residuals,chris brown,2025-01-04,79,4t4rGgiVX7woTmlnW9SHJ7,22,1,28,ZA,4/2/2025,76,False,215178,11:11 (Deluxe),4/11/2024,0.58,0.645,6,-7.793,0,0.0821,0.342,0.0,0.108,0.171,114.905,4,chris brown
holiday road / holiday road - spotify singles holiday,kesha,2025-01-04,82,6hZvOA9oBZZM812GNDLjEb,44,0,6,US,12/26/2024,85,False,125196,Holiday Road - Spotify Singles Holiday,10/15/2024,0.439,0.883,5,-6.466,1,0.0601,0.00207,1.12e-05,0.0784,0.492,169.978,4,kesha
santa baby,laufey,2025-01-04,83,4jHl6jgzZOnS4nGamPZ1Uk,50,0,0,US,12/26/2024,84,False,182040,A Very Laufey Holiday,11/1/2024,0.802,0.379,7,-8.769,1,0.0724,0.861,0.0,0.105,0.426,105.999,3,laufey
wacced out murals,kendrick lamar,2025-01-04,84,5gOfC9UzZQzTyShqPMrpjT,48,0,2,US,12/11/2024,87,True,317092,GNX,11/22/2024,0.761,0.501,9,-10.759,0,0.459,0.249,0.0,0.136,0.502,81.998,4,kendrick lamar
dancing in the flames,the weeknd,2025-01-04,85,7z7kvUQGwlC6iOl7vMuAr9,47,-4,-10,SG,10/6/2024,86,False,220036,Dancing In The Flames,9/13/2024,0.552,0.73,1,-6.203,1,0.0381,0.0011,0.0,0.0837,0.162,116.875,4,the weeknd
empty out your pockets,juice wrld,2025-01-04,86,2QxekHjOYDnzNO5w8hu2D9,48,0,2,US,1/1/2025,85,True,135653,The Party Never Ends 2.0,11/30/2024,0.74,0.718,8,-6.278,0,0.133,0.329,0.0,0.38,0.345,91.929,4,juice wrld
good news,shaboozey,2025-01-04,89,54p6vNJwGkt4FTaM8SCsxt,36,14,14,NO,11/17/2024,60,False,199209,Good News,11/15/2024,0.572,0.535,8,-7.493,1,0.0391,0.471,3.61e-06,0.0902,0.414,161.794,4,shaboozey
dos dias / dos días,"tito double p & peso pluma / tito double p, peso pluma",2025-01-04,90,5lKFO0PrOC9jmOlPEdjHsL,27,-2,-1,SV,4/2/2025,89,True,153928,INCÓMODO,8/22/2024,0.745,0.513,1,-9.116,1,0.087,0.783,0.0,0.216,0.929,109.935,3,tito double p
25,rod wave,2025-01-04,91,0U60hgxzGit7juEuHul2y3,36,-8,14,ZA,10/17/2024,70,True,180000,Last Lap,10/11/2024,0.427,0.5,0,-8.269,1,0.141,0.286,0.0,0.127,0.269,63.925,5,rod wave
popular,ariana grande,2025-01-04,92,3i8fIJNV0yuC4kXT3SkVBZ,46,4,4,GB,12/6/2024,83,False,241501,Wicked: The Soundtrack,11/22/2024,0.44,0.319,5,-12.356,1,0.166,0.732,0.0,0.0967,0.47,178.329,4,ariana grande
think i'm in love with you,chris stapleton,2025-01-04,93,3Gn1zuHNLtGuGEOXwq0k7e,47,-2,-3,NZ,3/14/2025,78,False,222800,Higher,11/10/2023,0.671,0.418,6,-14.124,0,0.0371,0.187,0.215,0.132,0.607,91.866,4,chris stapleton
peekaboo / peekaboo (feat. azchike),"kendrick lamar featuring azchike / kendrick lamar, az chike",2025-01-04,94,2Uts1QFB4u2YNIMiqcb4de,48,-3,-15,US,3/13/2025,87,True,155917,GNX,11/22/2024,0.889,0.298,1,-9.086,1,0.182,0.00306,1.26e-05,0.173,0.314,100.042,4,kendrick lamar
lose control,teddy swims,2025-01-11,20,17phhZDn6oGtzMe56NuWvj,27,1,3,,4/2/2025,91,False,210688,I've Tried Everything But Therapy (Part 1),9/15/2023,0.561,0.604,9,-4.409,1,0.0337,0.199,1.9e-05,0.104,0.242,159.92,3,teddy swims
beautiful things,benson boone,2025-01-11,6,3xkHsmpQCBMytMJNiDf3Ii,14,1,3,,4/2/2025,91,False,180304,Fireworks & Rollerblades,4/5/2024,0.472,0.471,10,-5.692,1,0.0603,0.151,0.0,0.14,0.219,105.029,3,benson boone
too sweet,hozier,2025-01-11,8,19XpFsce28aByvCC4g89tJ,24,7,26,NZ,4/2/2025,85,False,251424,Unreal Unearth: Unaired,8/19/2024,0.74,0.643,10,-5.446,1,0.0413,0.041,0.00229,0.0407,0.96,117.025,4,hozier
"good luck, babe!",chappell roan,2025-01-11,11,0WbMK4wrZ1wFSty9F7FCgu,30,-1,-1,,4/2/2025,94,False,218423,"Good Luck, Babe!",4/5/2024,0.7,0.582,11,-5.96,0,0.0356,0.0502,0.0,0.0881,0.785,116.712,4,chappell roan
stargazing,myles smith,2025-01-11,13,3Vr3zh0r7ALn8VLqCiRR10,50,0,0,CH,3/31/2025,88,False,172533,Stargazing,5/10/2024,0.635,0.601,1,-6.129,0,0.0295,0.246,0.0,0.11,0.332,123.994,4,myles smith
not like us,kendrick lamar,2025-01-11,14,6AI3ezQ4o3HUoP6Dhudph3,20,-1,-9,,4/2/2025,96,True,274192,Not Like Us,5/4/2024,0.898,0.472,1,-7.001,1,0.0776,0.0107,0.0,0.141,0.214,101.061,4,kendrick lamar
who,jimin,2025-01-11,18,7tI8dRuH2Yc6RuoTjxo4dU,19,-6,-7,,4/2/2025,89,False,170887,MUSE,7/19/2024,0.66,0.756,0,-3.743,0,0.032,0.00289,0.0,0.193,0.838,116.034,4,jimin
please please please,sabrina carpenter,2025-01-11,20,2tHwzyyOLoWSFqYNjeVMzj,33,-5,17,NO,4/2/2025,87,True,186365,Short n' Sweet,8/23/2024,0.675,0.586,9,-6.086,1,0.0531,0.257,0.0,0.104,0.621,107.015,4,sabrina carpenter
smile,morgan wallen,2025-01-11,21,3MJ6lFNV12FSHAOzTzkwxz,41,5,-5,US,1/31/2025,83,False,224127,Smile,12/31/2024,0.502,0.223,11,-11.285,1,0.0331,0.943,3.78e-06,0.0766,0.396,126.31,4,morgan wallen
million dollar baby,tommy richman,2025-01-11,24,5AJ9hqTS2wcFQCELCFRO7A,47,1,2,NZ,2/26/2025,84,False,155151,MILLION DOLLAR BABY,4/26/2024,0.852,0.697,1,-5.52,0,0.0439,0.0973,0.00037,0.0678,0.919,138.029,4,tommy richman
lies lies lies,morgan wallen,2025-01-11,28,7Fzl7QaTu47WyP9R5S5mh5,45,3,-3,US,10/23/2024,83,False,198068,Lies Lies Lies,7/5/2024,0.486,0.702,1,-5.758,0,0.0298,0.239,7.54e-05,0.0912,0.382,81.053,4,morgan wallen
wildflower,billie eilish,2025-01-11,29,3QaPy1KgI7nu9FJEQUgn6h,17,0,-4,,4/2/2025,95,False,261466,HIT ME HARD AND SOFT,5/17/2024,0.467,0.247,6,-12.002,0,0.0431,0.612,0.000271,0.17,0.126,148.101,4,billie eilish
"i love you, i'm sorry",gracie abrams,2025-01-11,37,51rfRCiUSvxXlCSCfIztBy,37,0,11,SG,4/2/2025,90,True,157146,The Secret of Us,6/21/2024,0.53,0.406,10,-7.507,1,0.033,0.656,0.0,0.133,0.338,115.94,3,gracie abrams
loco,neton vega,2025-01-11,44,4eLDmhsJW3JoZTXCAozHor,42,8,8,,4/2/2025,84,False,186521,Mi Vida Mi Muerte,2/14/2025,0.849,0.708,1,-5.502,1,0.0686,0.0741,0.00768,0.139,0.636,91.981,4,neton vega
guy for that / guy for that (feat. luke combs),"post malone featuring luke combs / post malone, luke combs",2025-01-11,48,6StwwqB84sJeLr7tZDTxEX,46,-15,4,NZ,1/19/2025,76,False,164011,F-1 Trillion,8/15/2024,0.611,0.911,8,-4.106,1,0.0647,0.0061,0.0,0.135,0.495,119.986,4,post malone
bad dreams,teddy swims,2025-01-11,59,3BntzKsnLf2pc0dsvE3Zav,48,2,-15,SK,4/2/2025,87,False,184577,I've Tried Everything But Therapy (Part 2),1/24/2025,0.707,0.68,8,-6.203,1,0.0884,0.274,0.0,0.0932,0.62,125.058,4,teddy swims
no pole,don toliver,2025-01-11,60,0eaVIYo2zeOaGJeqZ5TwYz,45,-1,5,SA,4/2/2025,89,True,187613,Love Sick (Deluxe),2/28/2023,0.328,0.631,5,-5.169,0,0.0465,0.0714,0.0,0.567,0.382,85.262,4,don toliver
close to you,gracie abrams,2025-01-11,63,5wbg8kepMFoMzHOEuxiI0q,46,-2,-7,IE,3/17/2025,83,False,225973,The Secret of Us,6/20/2024,0.586,0.72,6,-7.984,1,0.0775,0.0236,0.000124,0.0925,0.302,121.927,4,gracie abrams
diet pepsi,addison rae,2025-01-11,67,6MzofobZt2dm0Kf1hTThFz,50,0,0,SG,1/3/2025,85,False,169697,Diet Pepsi,8/9/2024,0.669,0.561,10,-6.538,1,0.0411,0.495,0.00962,0.0954,0.841,150.069,4,addison rae
apple,charli xcx,2025-01-11,68,19RybK6XDbAVpcdxSbZL1o,46,1,-1,IE,10/18/2024,86,False,151739,BRAT,6/7/2024,0.804,0.957,0,-5.452,1,0.034,0.125,0.0174,0.114,0.962,126.035,4,charli xcx
burning down,alex warren,2025-01-11,73,0ydx75YiFzLjjQknKFNFwt,30,-2,-5,NL,4/2/2025,83,False,179437,"You'll Be Alright, Kid (Chapter 1)",9/27/2024,0.499,0.674,10,-3.866,0,0.0389,0.0745,0.0,0.0645,0.442,171.892,4,alex warren
disease,lady gaga,2025-01-11,74,0T3Hw3kPj9T2E4UoaSXmfn,39,5,11,EE,3/10/2025,72,False,229997,MAYHEM,3/7/2025,0.554,0.928,11,-2.726,0,0.125,0.0401,0.0,0.496,0.411,100.963,4,lady gaga
gang baby,nle choppa,2025-01-11,76,76Ku9OBFK1NjMylR8r4WLK,48,2,2,RO,1/28/2025,82,True,138180,SLUT SZN,9/27/2024,0.92,0.699,11,-6.635,1,0.358,0.00768,0.0,0.0745,0.484,129.054,4,nle choppa
khe? / khé?,"rauw alejandro & romeo santos / rauw alejandro, romeo santos",2025-01-11,77,1YYfyJ2yCvGFCxwjsIqEK9,35,1,-1,VE,4/2/2025,89,False,206066,Cosa Nuestra,11/15/2024,0.687,0.627,7,-4.975,1,0.181,0.326,0.0,0.0893,0.47,155.865,4,rauw alejandro
rosones,tito double p,2025-01-11,79,0LTwdL5yZ6YOTEGUQPFuSN,23,1,1,SV,4/2/2025,90,True,177590,ROSONES,12/5/2024,0.802,0.726,1,-5.939,1,0.0318,0.704,9.7e-06,0.117,0.604,120.129,3,tito double p
juno,sabrina carpenter,2025-01-11,80,21B4gaTWnTkuSh77iWEXdS,34,0,16,NO,4/2/2025,87,True,223192,Short n' Sweet,8/23/2024,0.633,0.725,5,-4.257,1,0.0427,0.0461,0.0,0.205,0.64,130.504,4,sabrina carpenter
nadie,tito double p,2025-01-11,81,7sd6zMrgGpEa7NkQm9TRrg,24,-2,1,SV,4/2/2025,89,True,197031,NADIE,11/21/2024,0.702,0.843,7,-4.71,1,0.114,0.465,0.0,0.12,0.526,92.604,4,tito double p
what is this feeling?,"ariana grande & cynthia erivo / ariana grande, cynthia erivo",2025-01-11,82,7eGuPhpdS8sBjPJNuAShUX,50,-1,0,GB,12/11/2024,83,False,228947,Wicked: The Soundtrack,11/22/2024,0.607,0.48,1,-8.81,1,0.12,0.691,0.0,0.111,0.637,151.909,4,ariana grande
el club / el clúb,bad bunny,2025-01-11,83,0iKo4pNNjHHdKUcFARlfCa,41,9,7,DO,4/1/2025,86,True,222568,DeBÍ TiRAR MáS FOToS,1/5/2025,0.516,0.611,10,-5.486,0,0.0555,0.458,5.34e-05,0.113,0.261,110.744,4,bad bunny
pitorro de coco,bad bunny,2025-01-11,85,14QaXYIK3K3QPtezqxRRPN,50,0,-12,DO,2/19/2025,83,False,206627,DeBÍ TiRAR MáS FOToS,1/5/2025,0.636,0.667,7,-4.708,1,0.0323,0.25,6.95e-06,0.116,0.544,97.769,4,bad bunny
wondering why / opening night,the red clay strays / the weeknd,2025-01-11,87,4oahRRZECfGud6eL7Lj7CO,43,-9,7,BG,2/4/2025,48,False,96024,Hurry Up Tomorrow,1/30/2025,0.525,0.661,4,-8.407,0,0.0578,0.035,0.167,0.377,0.549,89.985,4,the weeknd
high road,zach bryan,2025-01-11,91,4CcozggmhXmndssEDH6YHR,44,-1,6,US,11/16/2024,75,True,199893,High Road,11/7/2024,0.47,0.229,4,-11.028,1,0.0406,0.815,0.0,0.172,0.213,113.404,4,zach bryan
on one tonight,gunna,2025-01-11,92,6EUcP55GlbmsmCzfL2vxtZ,50,0,-7,CA,1/16/2025,84,True,90760,One of Wun,5/10/2024,0.887,0.727,4,-4.318,0,0.135,0.381,1.16e-06,0.213,0.932,130.035,4,gunna
"dum, dumb, and dumber / dum, dumb, and dumber (with young thug & future)","lil baby, young thug & future / lil baby, young thug, future",2025-01-18,10,3E9IzxNXsk7yFfc1SHpiG1,49,1,1,US,1/8/2025,75,True,227400,WHAM,1/3/2025,0.777,0.727,11,-5.498,1,0.26,0.00886,0.0,0.289,0.253,129.965,4,lil baby
nuevayol,bad bunny,2025-01-18,21,5TFD2bmFKGhoCRbX61nXY5,32,-1,0,,4/2/2025,94,False,183685,DeBÍ TiRAR MáS FOToS,1/5/2025,0.142,0.195,6,-20.024,1,0.139,0.265,0.995,0.204,0.12,137.922,4,bad bunny
baile inolvidable,bad bunny,2025-01-18,22,2lTm559tuIvatlT1u0JYG2,13,-1,-3,,4/2/2025,96,True,367725,DeBÍ TiRAR MáS FOToS,1/5/2025,0.168,0.00332,10,-46.113,1,0.0615,0.192,0.79,0.112,0.219,119.387,3,bad bunny
tweaker,gelo,2025-01-18,23,7HDq8aEtkBeZq7gfzYjW28,43,1,-8,NZ,2/23/2025,80,True,189544,Tweaker,1/3/2025,0.584,0.817,8,-6.504,1,0.383,0.156,0.0,0.0736,0.814,111.242,5,gelo
voy a llevarte pa pr,bad bunny,2025-01-18,30,59D4DOkspUbWyMmbAPQkxZ,46,-3,-1,,4/2/2025,93,True,156364,DeBÍ TiRAR MáS FOToS,1/5/2025,0.148,0.604,7,-35.032,1,0.0588,0.921,0.453,0.405,1e-05,106.295,3,bad bunny
dtmf,bad bunny,2025-01-18,32,3sK8wGT43QFpWrvNQsrQya,8,-1,-1,,4/2/2025,98,True,237117,DeBÍ TiRAR MáS FOToS,1/5/2025,0.625,0.131,7,-27.405,0,0.0717,0.177,0.218,0.0807,0.032,136.02,4,bad bunny
velda / veldá,"bad bunny, omar courtz & dei v / bad bunny, omar courtz, dei v",2025-01-18,37,7d6yK8v8J484SWH5prIQiE,50,-9,-3,,4/2/2025,93,True,235336,DeBÍ TiRAR MáS FOToS,1/5/2025,0.613,0.981,1,-18.638,1,0.149,0.29,0.0023,0.437,0.0337,101.852,3,bad bunny
perfumito nuevo,"bad bunny & rainao / bad bunny, rainao",2025-01-18,39,1Q9Efnm5csdCMFynISxL2x,45,-2,-1,VE,4/2/2025,87,True,200680,DeBÍ TiRAR MáS FOToS,1/5/2025,0.513,0.0302,0,-33.8,1,0.0701,0.996,0.977,0.15,0.557,120.026,1,bad bunny
outfit / tabout,lil baby & 21 savage / kalil,2025-01-18,44,5J2Bor0WtYLy76D229gh8j,25,3,14,MA,4/2/2025,55,False,199968,TABOUT,4/9/2024,0.628,0.362,4,-13.705,0,0.106,0.566,4.76e-05,0.112,0.211,96.127,4,kalil
weltita,"bad bunny & chuwi / bad bunny, chuwi",2025-01-18,46,5WEF0icHWmAZBBMglBd599,37,2,5,VE,4/2/2025,90,False,187507,DeBÍ TiRAR MáS FOToS,1/5/2025,0.458,0.297,4,-32.354,0,0.6,0.866,0.329,0.346,0.357,96.14,3,bad bunny
redbone / kreide 2,"lil baby & glorilla / king khalil, capital bra",2025-01-18,47,5sFKAePKWGUNzCAxtKWzeM,46,4,4,DE,6/22/2024,29,True,150350,Kreide 2,6/21/2024,0.544,0.595,1,-5.268,1,0.441,0.113,0.0,0.123,0.408,88.537,4,king khalil
eoo,bad bunny,2025-01-18,48,6J5kc12BW5HuP3d7C3vvx8,28,-3,-4,,4/2/2025,93,True,204768,DeBÍ TiRAR MáS FOToS,1/5/2025,0.36,0.464,10,-29.598,0,0.0702,0.749,0.859,0.0825,0.184,63.662,4,bad bunny
f u 2x / lyft em up,lil baby / lil uzi vert,2025-01-18,51,6f1DJYPjsyIwMD4g1h3fIK,49,1,1,US,11/3/2024,63,True,164594,Eternal Atake 2,11/1/2024,0.784,0.663,2,-7.165,1,0.259,0.0378,0.0,0.22,0.0789,140.092,4,lil uzi vert
ketu tecre / ketu tecré,bad bunny,2025-01-18,53,4c2Pc0NrfkesPR0jff6q3F,49,0,-7,VE,2/28/2025,83,True,250789,DeBÍ TiRAR MáS FOToS,1/5/2025,0.27,0.277,8,-32.187,1,0.0477,0.0177,0.485,0.111,0.082,111.353,3,bad bunny
listen up / lyft em up,lil baby / lil uzi vert,2025-01-18,59,6f1DJYPjsyIwMD4g1h3fIK,49,1,1,US,11/3/2024,63,True,164594,Eternal Atake 2,11/1/2024,0.784,0.663,2,-7.165,1,0.259,0.0378,0.0,0.22,0.0789,140.092,4,lil uzi vert
kloufrens,bad bunny,2025-01-18,60,4MUrUT38U98olfnyzMBCzm,18,-4,-1,VE,4/2/2025,90,True,199114,DeBÍ TiRAR MáS FOToS,1/5/2025,0.326,0.125,1,-32.45,1,0.148,0.703,0.706,0.18,0.306,106.974,4,bad bunny
bokete,bad bunny,2025-01-18,63,79x7xtoCLpf6l32Zz6mWo4,48,0,-5,SV,2/25/2025,83,True,215983,DeBÍ TiRAR MáS FOToS,1/5/2025,0.4,0.07,1,-32.756,1,0.0456,0.194,0.956,0.116,0.0344,124.927,4,bad bunny
so sorry / eso e eso,"lil baby / lil naay, shadow blow",2025-01-18,68,1N7DEhFD6dPSPyOqwTdJnU,42,-12,-10,DO,4/2/2025,58,True,113125,Eso E Eso,12/23/2024,0.616,0.729,1,-5.006,0,0.205,0.0231,0.0,0.0844,0.491,128.218,5,lil naay
denial is a river,doechii,2025-01-18,70,1eTaznNW4Xxtx9za2SMTXB,33,0,-9,US,4/2/2025,92,True,159586,Alligator Bites Never Heal,8/30/2024,0.825,0.644,6,-3.24,0,0.33,0.0905,0.0,0.0795,0.622,93.292,4,doechii
turista,bad bunny,2025-01-18,71,7tCuCjhxzjX2XCz4JiiAsp,49,1,-10,SV,3/1/2025,83,False,190028,DeBÍ TiRAR MáS FOToS,1/5/2025,0.358,0.12,8,-30.487,1,0.523,0.456,0.0653,0.146,0.318,90.929,3,bad bunny
cafe con ron / café con ron,"bad bunny & los pleneros de la cresta / bad bunny, los pleneros de la cresta",2025-01-18,77,6VNXmo59yDYgcwLS17UNAW,44,0,6,PA,3/6/2025,82,False,228836,DeBÍ TiRAR MáS FOToS,1/5/2025,0.328,0.153,9,-26.802,1,0.0564,0.148,1.28e-06,0.397,0.0376,95.506,4,bad bunny
lo que le paso a hawaii / lo que le pasó a hawaii,bad bunny,2025-01-18,88,1Hg0e997pObvZ91w1FCPFk,50,-4,-4,PA,2/2/2025,86,False,229381,DeBÍ TiRAR MáS FOToS,1/5/2025,0.0939,0.00174,11,-54.341,1,0.0638,0.247,0.000195,0.245,0.0679,82.653,4,bad bunny
la mudanza,bad bunny,2025-01-18,89,3G7agPwWfcORnWCAGMDOpm,50,-1,-8,VE,2/17/2025,85,True,213010,DeBÍ TiRAR MáS FOToS,1/5/2025,0.565,0.926,7,-5.607,1,0.0573,0.975,0.944,0.131,0.971,173.978,3,bad bunny
are you even real / are you even real (feat. givēon),"teddy swims & giveon / teddy swims, giveon",2025-01-25,53,4ZO4HvFADvujrrEidSatEC,42,2,8,NO,1/17/2025,74,False,147702,Are You Even Real (feat. Givēon),1/10/2025,0.794,0.296,6,-5.442,1,0.126,0.296,0.0,0.174,0.617,74.906,3,teddy swims
the days / the days - notion remix,"chrystal / chrystal, notion",2025-01-25,91,2FAZskT9yRjp2Oow9szJD8,31,7,5,PL,4/2/2025,90,False,233229,The Days (NOTION Remix),11/8/2024,0.62,0.843,6,-5.321,0,0.0844,0.0062,4.63e-06,0.55,0.237,137.812,4,chrystal
forever young,"david guetta, alphaville & ava max / david guetta, alphaville, ava max",2025-01-25,93,3bg2qahpZmsg5wV2EMPXIk,41,8,1,FR,3/9/2025,77,False,156923,Forever Young,10/18/2024,0.558,0.655,0,-5.476,1,0.0379,0.208,0.0,0.0854,0.39,129.89,4,david guetta
headlock,imogen heap,2025-01-25,94,63Pi2NAx5yCgeLhCTOrEou,45,1,2,US,4/2/2025,89,False,215338,Speak for Yourself (Deluxe Version),1/1/2005,0.808,0.372,7,-10.759,0,0.0364,0.792,0.0,0.119,0.787,119.982,4,imogen heap
funny papers,mac miller,2025-02-01,71,4pu58kqegTnOxPNJpY3kr9,47,-22,3,US,1/19/2025,67,True,263941,Balloonerism,1/17/2025,0.471,0.645,0,-7.387,0,0.242,0.761,0.0035,0.111,0.224,169.24,4,mac miller
5 dollar pony rides,mac miller,2025-02-01,79,1xKGnsdKOh8jx8pzSZAgXE,21,29,29,US,1/18/2025,38,False,222119,Balloonerism,1/17/2025,0.741,0.83,11,-5.916,0,0.0853,0.259,0.00748,0.116,0.301,95.518,4,mac miller
push 2 start,tyla,2025-02-01,82,1Cbl3Yq8rHo7hhDQmLQagU,46,4,4,AE,4/2/2025,87,False,156825,TYLA +,10/11/2024,0.683,0.814,2,-3.505,1,0.0466,0.277,0.00826,0.0858,0.758,93.482,4,tyla
dj's chord organ / dj's chord organ (feat. sza),"mac miller featuring sza / mac miller, sza",2025-02-01,89,1JtAIBbCgomz38qPBSJzCn,15,35,35,US,1/18/2025,43,True,315640,Balloonerism,1/17/2025,0.373,0.557,9,-7.435,1,0.0977,0.55,0.375,0.263,0.16,145.689,4,mac miller
stoned,mac miller,2025-02-01,91,1e3AdX6I8gaQKjQMONn9tA,50,0,0,US,1/18/2025,38,False,243522,Balloonerism,1/17/2025,0.643,0.85,7,-6.46,0,0.258,0.703,0.00103,0.108,0.248,78.966,4,mac miller
4x4,travis scott,2025-02-08,1,6s8WSX1MxNThrot8ThI6fG,50,0,-7,US,2/19/2025,85,True,190581,4X4,1/24/2025,0.625,0.847,6,-2.95,0,0.0454,0.0392,0.000108,0.788,0.221,143.023,4,travis scott
fat juicy & wet,"sexyy red & bruno mars / sexyy red, bruno mars",2025-02-08,11,5M2lX0ZAYSAzCs1xPPi9BX,43,-3,7,NZ,2/4/2025,81,True,141057,Fat Juicy & Wet,1/24/2025,0.909,0.619,9,-5.894,1,0.0615,0.0823,0.0,0.3,0.64,104.013,4,sexyy red
sports car,tate mcrae,2025-02-08,15,5UJbgR4XF4y1DvbkxEqe8S,15,-1,5,,4/2/2025,83,False,165045,So Close To What,2/20/2025,0.861,0.815,11,-3.672,0,0.0349,0.0505,0.00139,0.1,0.886,106.978,4,tate mcrae
blue jean baby,zach bryan,2025-02-08,67,3yDi4w5cuQQEpQXrozMW2B,24,6,26,US,1/29/2025,68,False,132068,Blue Jean Baby,1/27/2025,0.435,0.675,0,-6.697,1,0.119,0.194,0.0,0.126,0.477,78.432,4,zach bryan
me jalo,"fuerza regida & grupo frontera / fuerza regida, grupo frontera",2025-02-08,91,3D24ErT1MMmUfXWotSj2A2,48,-8,-7,,4/2/2025,91,True,212002,MALA MÍA,12/19/2024,0.47,0.75,2,-5.887,0,0.112,0.216,0.0,0.169,0.62,79.814,4,fuerza regida
mutt,leon thomas,2025-02-08,94,2uvE4L5ZsYKpv8hbK4TIOt,19,-1,-2,NZ,4/2/2025,83,True,192933,MUTT,9/27/2024,0.572,0.455,1,-8.078,1,0.134,0.216,3.88e-06,0.072,0.597,179.787,4,leon thomas
i'm the problem,morgan wallen,2025-02-15,2,3HlWVKwU0JqJXqJK9DWHnZ,23,-1,3,US,4/2/2025,87,False,177811,I'm The Problem,1/31/2025,0.545,0.752,5,-4.989,0,0.0364,0.665,4.3e-06,0.0993,0.491,92.038,1,morgan wallen
cry for me,the weeknd,2025-02-15,6,3AWDeHLc88XogCaCnZQLVI,50,0,0,LU,3/21/2025,89,True,224136,Hurry Up Tomorrow,1/31/2025,0.647,0.645,7,-6.425,0,0.0303,0.0871,0.0,0.671,0.422,120.098,4,the weeknd
abracadabra,lady gaga,2025-02-15,23,2LHNTC9QZxsL3nWpt8iaSR,26,0,2,,4/2/2025,86,False,223398,MAYHEM,3/7/2025,0.679,0.906,10,-3.443,0,0.0632,0.0119,0.0,0.229,0.652,126.01,4,lady gaga
again,fetty wap,2025-02-15,35,4IqXyCH75mW4dMDbHufqDX,48,2,2,US,3/14/2025,73,True,312240,Fetty Wap (Deluxe),9/25/2015,0.748,0.733,11,-4.421,0,0.072,0.0062,0.0,0.329,0.291,93.019,4,fetty wap
sao paulo / são paulo,the weeknd & anitta / the weeknd,2025-02-15,37,7DY756WOLyOz2Xnhw4EFiC,10,40,40,,2/1/2025,0,True,301623,Hurry Up Tomorrow,1/31/2025,0.538,0.658,5,-7.273,0,0.076,0.0385,0.000146,0.573,0.553,127.322,4,the weeknd
wake me up,the weeknd & justice / the weeknd,2025-02-15,39,5ehXToeJ8Tgc4wMhY42Oul,12,38,38,,2/1/2025,0,False,308575,Hurry Up Tomorrow,1/30/2025,0.597,0.522,1,-8.918,1,0.034,0.00426,0.00102,0.492,0.153,110.976,4,the weeknd
baptized in fear,the weeknd,2025-02-15,40,0bxRSMz5WY1VuMmOhanE4b,48,-1,-31,AE,2/14/2025,66,False,232176,Hurry Up Tomorrow,1/30/2025,0.564,0.513,7,-7.596,0,0.0325,0.138,0.0,0.379,0.419,123.976,4,the weeknd
open hearts,the weeknd,2025-02-15,42,0stJVUUSrbEwyFHOp2dRu0,42,-3,-29,BG,2/11/2025,61,False,234923,Hurry Up Tomorrow,1/30/2025,0.658,0.753,7,-5.939,0,0.116,0.00301,0.000469,0.204,0.333,123.983,4,the weeknd
reflections laughing,"the weeknd, travis scott & florence + the machine / the weeknd",2025-02-15,47,2gyHr9WqZeMtzJOpWGuGo6,24,26,26,,2/1/2025,0,True,291192,Hurry Up Tomorrow,1/31/2025,0.33,0.355,11,-9.703,0,0.0355,0.135,0.00726,0.131,0.0382,79.818,4,the weeknd
enjoy the show,the weeknd & future / the weeknd,2025-02-15,54,637oNhilCI9UlkWkUW4Grt,32,18,18,,2/1/2025,0,True,301428,Hurry Up Tomorrow,1/31/2025,0.628,0.616,11,-7.423,1,0.0526,0.178,4.7e-05,0.331,0.241,119.978,4,the weeknd
niagara falls,the weeknd,2025-02-15,59,2v0AG62ZHtD3I4YmTb3WYM,49,-4,1,CA,2/7/2025,78,True,277274,Hurry Up Tomorrow,1/31/2025,0.568,0.559,6,-6.829,0,0.0347,0.0748,0.000179,0.192,0.182,97.215,4,the weeknd
the abyss,the weeknd & lana del rey / the weeknd,2025-02-15,62,4cYllEeJVH7dWKwQxpbk42,50,0,0,,2/1/2025,0,False,282873,Hurry Up Tomorrow,1/30/2025,0.177,0.422,0,-8.557,0,0.032,0.197,3.34e-06,0.178,0.0518,81.284,4,the weeknd
take me back to la,the weeknd,2025-02-15,63,3W5Y2d0HB3sgubDAYXGRKn,50,-1,0,CA,2/4/2025,46,False,253734,Hurry Up Tomorrow,1/30/2025,0.344,0.571,8,-7.58,0,0.0461,0.0721,0.0,0.093,0.199,207.924,4,the weeknd
given up on me,the weeknd,2025-02-15,65,3niLgyM9yJTaZMpeXjjSSk,47,-5,3,CA,2/4/2025,47,False,354781,Hurry Up Tomorrow,1/30/2025,0.416,0.386,0,-12.3,1,0.0541,0.0715,0.00512,0.132,0.0604,116.892,4,the weeknd
opening night,the weeknd,2025-02-15,68,4oahRRZECfGud6eL7Lj7CO,43,-9,7,BG,2/4/2025,48,False,96024,Hurry Up Tomorrow,1/30/2025,0.525,0.661,4,-8.407,0,0.0578,0.035,0.167,0.377,0.549,89.985,4,the weeknd
i can't wait to get there,the weeknd,2025-02-15,76,0bcZ7xN9IcjSNxLerzR2yl,34,-6,16,CA,2/2/2025,68,True,188921,Hurry Up Tomorrow,1/31/2025,0.65,0.436,1,-10.047,0,0.048,0.538,0.00223,0.118,0.122,146.052,4,the weeknd
7 dias,"gabito ballesteros & tito double p / gabito ballesteros, tito double p",2025-02-15,78,5Z75FvRFiultmPFWHx5jQ7,32,-4,3,SV,4/2/2025,90,True,180688,7 Dias,1/30/2025,0.838,0.746,11,-3.749,1,0.0614,0.386,0.0,0.0839,0.577,111.913,3,gabito ballesteros
nissan altima,doechii,2025-02-15,86,2dKkVF2m160z0RNDN2dddc,50,-5,-9,US,2/13/2025,82,True,126832,Alligator Bites Never Heal,8/30/2024,0.974,0.711,11,-5.206,0,0.194,0.0988,3.92e-05,0.0888,0.328,117.038,4,doechii
love hangover / love hangover (feat. dominic fike),"jennie & dominic fike / jennie, dominic fike",2025-02-15,90,0rx7xu0RmZLpJjKNVZjSVv,44,2,-11,TW,4/2/2025,82,True,180129,Ruby,3/7/2025,0.627,0.781,0,-6.011,0,0.227,0.121,0.0,0.133,0.581,147.691,4,jennie
worst way,riley green,2025-02-15,94,1osfLqL6L2iQsirRf83ded,44,6,6,CA,4/2/2025,82,False,220558,Way Out Here,4/12/2024,0.366,0.492,11,-7.9,1,0.0324,0.0899,0.000994,0.132,0.349,197.768,3,riley green
all the stars / all the stars (with sza),"kendrick lamar & sza / kendrick lamar, sza",2025-02-22,8,3GCdLUSnKSMJhs4Tj6CV3s,24,0,-6,,4/2/2025,95,True,232186,Black Panther The Album Music From And Inspired By,2/9/2018,0.695,0.633,8,-4.946,1,0.0599,0.0612,0.000195,0.0926,0.557,96.782,4,kendrick lamar
humble.,kendrick lamar,2025-02-22,27,7KXjTSCq5nL1LoYtL7XAwS,45,0,5,US,3/6/2025,84,True,177000,DAMN.,4/14/2017,0.908,0.621,1,-6.638,0,0.102,0.000282,5.39e-05,0.0958,0.421,150.011,4,kendrick lamar
ordinary,alex warren,2025-02-22,55,2RkZ5LkEzeHGRsmDqKwmaJ,3,1,47,,4/2/2025,73,False,186964,"You'll Be Alright, Kid (Chapter 1)",9/27/2024,0.368,0.694,2,-6.141,1,0.06,0.704,6.59e-06,0.055,0.391,168.115,3,alex warren
born again / born again (feat. doja cat & raye),"lisa featuring doja cat & raye / lisa, doja cat, raye",2025-02-22,62,7KNmIjcmGJIBrhP2s5Vioe,3,0,0,TH,4/2/2025,82,True,231174,Alter Ego,2/28/2025,0.688,0.777,1,-4.714,1,0.0408,0.0688,0.0,0.0801,0.368,114.998,4,lisa
euphoria,kendrick lamar,2025-02-22,74,77DRzu7ERs0TX3roZcre7Q,50,0,0,ZA,7/12/2024,88,True,383639,euphoria,4/30/2024,0.831,0.643,1,-5.002,1,0.11,0.046,0.0,0.084,0.142,139.948,4,kendrick lamar
the greatest,billie eilish,2025-02-22,87,6TGd66r0nlPaYm3KIoI7ET,43,-2,-14,NZ,6/7/2024,89,False,293840,HIT ME HARD AND SOFT,5/17/2024,0.407,0.192,7,-10.99,1,0.0368,0.637,3.33e-06,0.21,0.159,128.173,4,billie eilish
gimme a hug,drake,2025-03-01,1,5Nz7hI3cCOHmMR4vSLJ1An,48,-5,-22,CA,3/2/2025,79,True,193054,$ome $exy $ongs 4 U,2/14/2025,0.457,0.671,1,-5.53,1,0.0979,0.0643,0.0,0.0772,0.245,142.95,4,drake
nokia,drake,2025-03-01,4,2u9S9JJ6hTZS3Vf22HOZKg,23,4,8,,4/2/2025,92,True,241023,$ome $exy $ongs 4 U,2/14/2025,0.537,0.727,5,-4.184,1,0.15,0.247,0.0,0.173,0.508,106.037,4,drake
cn tower,"partynextdoor & drake / partynextdoor, drake",2025-03-01,12,4u43I0LP2Xf85OAS85eG0R,46,4,-19,CA,3/4/2025,79,True,241889,$ome $exy $ongs 4 U,2/14/2025,0.672,0.412,3,-7.057,0,0.194,0.318,0.0,0.131,0.217,126.921,4,partynextdoor
something about you,"partynextdoor & drake / partynextdoor, drake",2025-03-01,20,1F6nHHDJyTHLgDDFj1ZZDt,43,-6,7,CA,2/21/2025,76,True,218682,$ome $exy $ongs 4 U,2/14/2025,0.51,0.491,7,-8.869,0,0.1,0.24,2.73e-05,0.359,0.0792,136.093,4,partynextdoor
busy woman,sabrina carpenter,2025-03-01,21,0b0Dz0Gi86SVdBxYeiQcCP,48,1,2,US,4/2/2025,91,True,186612,Short n' Sweet (Deluxe),2/14/2025,0.727,0.755,7,-5.152,1,0.036,0.17,0.0,0.101,0.903,117.015,4,sabrina carpenter
moth balls,"partynextdoor & drake / partynextdoor, drake",2025-03-01,23,7DL2F2bueQycqYjqsjHYjG,38,-3,12,CA,2/21/2025,76,True,212629,$ome $exy $ongs 4 U,2/14/2025,0.513,0.461,1,-7.951,1,0.182,0.391,0.0,0.0995,0.194,95.551,4,partynextdoor
somebody loves me,"partynextdoor & drake / partynextdoor, drake",2025-03-01,24,2kZoOj1n5vk9BuF0sih58M,32,-5,18,CA,2/21/2025,76,True,182767,$ome $exy $ongs 4 U,2/14/2025,0.365,0.511,9,-6.14,1,0.0905,0.514,0.0,0.702,0.222,77.029,3,partynextdoor
deeper,partynextdoor,2025-03-01,25,4JeD0FGslDsMeeahEGZa2L,49,-17,1,ZA,2/21/2025,76,True,172337,$ome $exy $ongs 4 U,2/14/2025,0.431,0.534,7,-7.302,0,0.094,0.0965,0.0,0.0629,0.322,100.581,4,partynextdoor
spider-man superman,"partynextdoor & drake / partynextdoor, drake",2025-03-01,29,4GqhG9rDuRUoNyDSMJ0Brq,48,-7,2,ZA,2/20/2025,75,True,203893,$ome $exy $ongs 4 U,2/14/2025,0.453,0.52,11,-9.146,1,0.0637,0.658,4.24e-06,0.118,0.111,111.035,4,partynextdoor
crying in chanel,drake,2025-03-01,31,5aIEFCKhVUM5sKkwOSdFiM,44,-12,6,ZA,2/19/2025,74,True,199602,$ome $exy $ongs 4 U,2/14/2025,0.6,0.411,2,-9.139,1,0.0719,0.224,0.000159,0.0997,0.119,113.327,4,drake
small town fame,drake,2025-03-01,34,1YHQQFtKqFSFrqL4cNvstU,48,-15,2,ZA,2/19/2025,74,True,148509,$ome $exy $ongs 4 U,2/14/2025,0.842,0.524,1,-6.031,0,0.305,0.443,9.74e-06,0.303,0.354,100.002,4,drake
raining in houston,drake,2025-03-01,37,2xxb5zW09uwbgyLprALi9E,36,12,14,ZA,2/18/2025,73,True,244931,$ome $exy $ongs 4 U,2/14/2025,0.465,0.534,7,-6.316,0,0.0546,0.788,0.0,0.0992,0.439,119.173,4,drake
brian steel,drake,2025-03-01,41,3FHO87BSOEVAsedSnCTnvz,43,7,7,ZA,2/18/2025,73,True,111406,$ome $exy $ongs 4 U,2/14/2025,0.761,0.557,4,-7.98,0,0.171,0.0971,0.000118,0.214,0.474,146.971,4,drake
lasers,"partynextdoor & drake / partynextdoor, drake",2025-03-01,54,2vjFTjmvpFjFM01cNdG2ik,47,-10,3,CA,2/17/2025,70,True,198692,$ome $exy $ongs 4 U,2/14/2025,0.546,0.494,0,-4.707,0,0.0748,0.636,0.0,0.118,0.182,119.458,4,partynextdoor
celibacy,"partynextdoor & drake / partynextdoor, drake",2025-03-01,60,578CwfxpfH2HxlENOCHc2n,47,-20,3,CA,2/16/2025,68,True,235620,$ome $exy $ongs 4 U,2/14/2025,0.486,0.357,7,-9.69,0,0.045,0.352,0.0,0.0898,0.15,120.133,4,partynextdoor
15 minutes,sabrina carpenter,2025-03-01,61,1zhvxTuSha22nsUT5Nw8gE,39,0,-13,IE,3/14/2025,85,True,191519,Short n' Sweet (Deluxe),2/14/2025,0.581,0.888,7,-3.795,1,0.0714,0.00946,0.0,0.308,0.731,132.002,4,sabrina carpenter
greedy,"partynextdoor & drake / partynextdoor, drake",2025-03-01,64,2WNUYpLeOSMSlWgOmgGURl,48,-15,2,CA,2/16/2025,40,False,386165,$ome $exy $ongs 4 U,2/13/2025,0.362,0.366,8,-8.031,0,0.0312,0.896,4.7e-05,0.142,0.147,131.759,4,partynextdoor
when he's gone,"partynextdoor & drake / partynextdoor, drake",2025-03-01,67,6mmPe3Y3SEtYb9HZsHTyrj,42,8,8,ZA,2/15/2025,0,True,209836,$ome $exy $ongs 4 U,2/14/2025,0.442,0.5,4,-6.47,0,0.221,0.843,0.0,0.0943,0.252,86.172,4,partynextdoor
omw,"partynextdoor & drake / partynextdoor, drake",2025-03-01,68,775a936b2Vzl3fw86FaVat,50,-20,0,CA,2/16/2025,68,True,233030,$ome $exy $ongs 4 U,2/14/2025,0.387,0.55,5,-5.568,1,0.031,0.102,1.73e-05,0.117,0.123,144.11,4,partynextdoor
glorious,"partynextdoor & drake / partynextdoor, drake",2025-03-01,77,1mKNJs35ede94bTPWveVOo,32,18,18,CA,2/15/2025,0,True,205082,$ome $exy $ongs 4 U,2/14/2025,0.558,0.548,7,-8.701,1,0.346,0.149,0.0,0.137,0.505,152.022,4,partynextdoor
couldn't make it any harder / couldn’t make it any harder,sabrina carpenter,2025-03-01,78,5YwBaDW36fztKNnoiHQar3,31,19,19,US,2/15/2025,46,True,179857,Short n' Sweet (Deluxe),2/14/2025,0.468,0.46,4,-4.668,1,0.0264,0.412,0.0,0.116,0.301,97.469,3,sabrina carpenter
por esos ojos,fuerza regida,2025-03-01,79,5jHozZMWbrExAFni95mvvH,9,-3,11,SV,4/2/2025,89,True,188064,Por Esos Ojos,2/11/2025,0.509,0.681,5,-6.978,0,0.106,0.294,0.0,0.191,0.511,102.462,3,fuerza regida
bad reviews,sabrina carpenter,2025-03-01,81,1Y66A5zH3iPOWCDIuSDQR5,36,14,14,US,2/15/2025,46,False,141393,Short n' Sweet (Deluxe),2/14/2025,0.516,0.57,11,-7.326,1,0.0294,0.292,0.0,0.376,0.452,104.172,4,sabrina carpenter
revolving door,tate mcrae,2025-03-08,16,541sN2qNfIlllGn9nGOQoC,30,4,-2,US,4/2/2025,90,True,180032,So Close To What,2/21/2025,0.452,0.737,6,-6.22,1,0.27,0.354,0.0,0.105,0.179,147.822,4,tate mcrae
i know love / no i'm not in love,tate mcrae featauring the kid laroi / tate mcrae,2025-03-08,37,7a1D1K7sgFtumXN02ZdbUd,48,2,2,CA,2/22/2025,41,False,170097,So Close To What,2/21/2025,0.753,0.748,5,-3.585,0,0.0452,0.38,0.0,0.185,0.882,105.069,4,tate mcrae
dear god,tate mcrae,2025-03-08,38,2ETQsbiuGm2WLOSOr2I19A,42,-10,-20,CA,3/7/2025,77,False,171014,So Close To What,2/21/2025,0.73,0.741,1,-5.454,1,0.0287,0.0802,1.3e-05,0.278,0.444,97.978,4,tate mcrae
purple lace bra,tate mcrae,2025-03-08,47,2bqLj0NvdtGbPCl9PdBtP2,44,-5,-17,CA,3/7/2025,76,False,191132,So Close To What,2/21/2025,0.478,0.8,5,-3.991,0,0.0311,0.156,2.62e-05,0.136,0.409,145.016,4,tate mcrae
miss possessive,tate mcrae,2025-03-08,48,4Q9ExJGFgL9Jd9kmYH3nXs,41,0,-19,CA,3/6/2025,76,True,139098,So Close To What,2/21/2025,0.782,0.747,8,-4.656,1,0.0361,0.259,1.85e-05,0.1,0.325,101.992,4,tate mcrae
call me when you break up / call me when you break up (with gracie abrams),"selena gomez, benny blanco & gracie abrams / selena gomez, benny blanco, gracie abrams",2025-03-08,52,4yFPKNzjkCS0PpRzhcvy1d,47,3,-16,SG,3/1/2025,76,False,126831,Call Me When You Break Up (with Gracie Abrams),2/20/2025,0.791,0.698,0,-5.006,1,0.129,0.373,4.27e-05,0.0535,0.853,148.008,4,selena gomez
bloodonmyhands / bloodonmyhands (feat. flo milli),"tate mcrae featuring flo milli / tate mcrae, flo milli",2025-03-08,58,0DA8aZZvG73AijDYT00ki1,45,-5,5,CA,2/28/2025,74,True,162403,So Close To What,2/21/2025,0.574,0.704,11,-4.775,0,0.0528,0.303,0.0,0.175,0.351,72.496,4,tate mcrae
clouds,j. cole,2025-03-08,63,53WWD2BBC6Jcip8wy5CniE,35,15,15,US,3/1/2025,70,True,242086,cLOUDs,2/21/2025,0.751,0.506,1,-10.473,1,0.28,0.384,1.33e-06,0.0968,0.399,114.894,4,j. cole
signs,tate mcrae,2025-03-08,68,6DDEfqOoLlasIbPdzboOu4,43,-5,7,CA,2/27/2025,72,False,173765,So Close To What,2/21/2025,0.665,0.579,6,-5.2,0,0.0426,0.386,0.0,0.0854,0.664,112.067,4,tate mcrae
extral / mantra,jennie & doechii / jennie,2025-03-08,69,1kUyOJb3fzUo8r0OCz5SQk,40,4,-8,TW,4/2/2025,81,True,136627,Ruby,3/7/2025,0.894,0.725,10,-4.984,0,0.0432,0.00434,1.15e-05,0.0815,0.837,116.988,4,jennie
2 hands,tate mcrae,2025-03-08,70,0B7tnohfi83RQquo2JRHrL,47,-3,3,CA,2/27/2025,71,True,182740,So Close To What,2/21/2025,0.615,0.782,1,-4.302,1,0.0522,0.127,0.0,0.19,0.583,104.027,4,tate mcrae
like i do,tate mcrae,2025-03-08,84,6jp9WjJtKF0Fgks0Y9Kkni,42,8,8,CA,2/22/2025,42,True,182061,So Close To What,2/21/2025,0.619,0.721,1,-4.794,0,0.0405,0.208,0.00427,0.122,0.212,96.028,4,tate mcrae
greenlight,tate mcrae,2025-03-08,93,56LQyaXsYWQZ2b7OPLAKEO,49,1,1,CA,2/22/2025,41,True,165094,So Close To What,2/21/2025,0.314,0.637,0,-4.812,1,0.0381,0.56,0.0,0.105,0.356,74.624,4,tate mcrae
sorry i'm here for someone else,benson boone,2025-03-15,38,3x3K1RP3Zfi2qeMR8kyrNO,42,7,-4,NO,4/2/2025,87,False,156582,Sorry I'm Here For Someone Else,2/27/2025,0.533,0.758,2,-4.613,1,0.034,0.0437,0.0,0.16,0.515,149.719,4,benson boone
a n x i e t y / a n x i e t y (feat. doechii),"sleepy hallow featuring doechii / sleepy hallow, doechii",2025-03-15,39,3FjK86616FbluOfTxNK2gY,28,17,22,,3/3/2025,74,True,148928,Boy Meets World,9/15/2023,0.931,0.401,0,-8.756,1,0.158,0.399,2.05e-06,0.266,0.613,128.871,4,sleepy hallow
ms. whitman,bhad bhabie,2025-03-15,50,1LjSbD1yQ0RQc6mwxGHw4m,44,5,6,US,3/7/2025,71,True,126036,Ms. Whitman,2/25/2025,0.826,0.739,7,-7.77,1,0.398,0.559,0.0,0.305,0.833,80.22,4,bhad bhabie
tattoo,tito double p,2025-03-15,79,3KgHiAVuP88QoQs9CO4z1P,21,-2,0,SV,4/2/2025,90,True,167955,TATTOO,2/27/2025,0.755,0.747,10,-4.278,0,0.0656,0.482,5.48e-06,0.0853,0.463,109.897,3,tito double p
anxiety,doechii,2025-03-22,7,3LPLRNr58Z9Pn0clnEtkXb,6,-1,-2,,4/2/2025,85,True,249302,Alligator Bites Never Heal (Extended),3/14/2025,0.807,0.596,0,-6.818,1,0.0394,0.321,0.000294,0.105,0.881,129.013,4,doechii
garden of eden,lady gaga,2025-03-22,46,4mUR5Tv0CvJtpmnUtzeIgd,50,0,-4,SG,3/19/2025,85,False,239720,MAYHEM,3/7/2025,0.673,0.906,1,-3.972,1,0.0338,0.00181,3.2e-06,0.133,0.614,124.966,4,lady gaga
vanish into you,lady gaga,2025-03-22,55,5IoPnNiYAOvHHJpz13wzRL,50,-5,0,FI,3/10/2025,76,False,244915,MAYHEM,3/7/2025,0.559,0.838,11,-4.572,0,0.0307,0.00117,0.0,0.0773,0.6,112.03,3,lady gaga
sweet dreams / sweet dreams (feat. miguel),"j-hope featuring miguel / j-hope, miguel",2025-03-22,60,1yX9gy5fK02j6nBnGJ1S3k,30,-2,-4,VE,4/2/2025,88,False,172952,Sweet Dreams (feat. Miguel),3/7/2025,0.564,0.577,4,-6.468,0,0.0774,0.153,0.0,0.0726,0.797,94.3,4,j-hope
how bad do u want me,lady gaga,2025-03-22,63,2rvd6akG8qEtBNUvQpN7iY,49,-4,1,US,3/11/2025,76,True,238886,MAYHEM,3/7/2025,0.512,0.731,8,-4.339,1,0.0659,0.00261,0.0,0.0896,0.436,188.074,4,lady gaga
handlebars / handlebars (feat. dua lipa),"jennie & dua lipa / jennie, dua lipa",2025-03-22,74,3gJAFFELdZyIM8tiwLAikg,10,-1,-2,TW,4/2/2025,88,True,184698,Ruby,3/7/2025,0.51,0.855,2,-4.208,1,0.0426,0.00377,0.0,0.0524,0.669,152.018,4,jennie
perfect celebrity,lady gaga,2025-03-22,75,0Tqn5Th0wk55eLdga96vZM,43,-21,7,US,3/9/2025,0,False,229252,MAYHEM,3/7/2025,0.618,0.87,7,-4.35,1,0.059,0.00433,0.0,0.0812,0.372,103.975,4,lady gaga
like jennie,jennie,2025-03-22,77,0fK7ie6XwGxQTIkpFoWkd1,11,-1,-2,,4/2/2025,93,True,123517,Ruby,3/7/2025,0.811,0.743,10,-5.321,0,0.0611,0.281,0.00671,0.0868,0.815,130.019,4,jennie
zombieboy,lady gaga,2025-03-22,79,0ElVpg9XIswx3XWs6kUj6a,46,-17,4,US,3/9/2025,0,False,213337,MAYHEM,3/7/2025,0.606,0.885,0,-3.922,0,0.0516,0.00268,0.0,0.212,0.875,122.092,4,lady gaga
lovedrug,lady gaga,2025-03-22,89,3hcivoswCVR8LZkHR8MYA5,49,1,1,,3/8/2025,0,False,193232,MAYHEM,3/7/2025,0.684,0.802,7,-4.467,0,0.033,0.046,0.0,0.168,0.602,120.018,4,lady gaga
evil j0rdan,playboi carti,2025-03-29,1,6iycYUk3oB0NPMdaDUrN1w,19,-2,-14,US,4/2/2025,92,True,183928,MUSIC,3/14/2025,0.689,0.36,1,-7.029,1,0.0564,0.00665,6.11e-05,0.119,0.0599,154.009,4,playboi carti
rather lie / rather lie (with the weeknd),"playboi carti & the weeknd / playboi carti, the weeknd",2025-03-29,17,68qeaZhtMZ6abrJCYt6nQn,44,-5,-21,,4/2/2025,92,True,209680,MUSIC,3/14/2025,0.72,0.665,8,-4.431,1,0.0325,0.0583,0.0,0.213,0.279,132.991,4,playboi carti
the giver,chappell roan,2025-03-29,1,5xHgo5JN0wfsV41HnRaos5,32,3,-14,US,4/2/2025,89,False,202768,The Giver,3/13/2025,0.558,0.901,4,-3.208,1,0.0583,0.0731,0.0,0.348,0.678,93.024,4,chappell roan
good credit / good credit (with kendrick lamar),"playboi carti & kendrick lamar / playboi carti, kendrick lamar",2025-03-29,11,2n9fC0A4ptmWqYeMXEVaok,40,-15,-33,US,3/23/2025,85,True,190373,MUSIC,3/14/2025,0.744,0.679,0,-7.375,1,0.219,0.0197,3.68e-06,0.856,0.397,145.041,4,playboi carti
mojo jojo,playboi carti,2025-03-29,21,3WRUvGqySBZC6RkB5c2w1S,47,-18,-43,RO,3/22/2025,85,True,156293,MUSIC,3/14/2025,0.806,0.638,2,-6.358,1,0.278,0.00557,1.41e-06,0.11,0.263,148.111,4,playboi carti
fine shit,playboi carti,2025-03-29,27,79mFFAOYcG8ZF6AN1JecAL,50,-13,0,EE,3/20/2025,82,True,106753,MUSIC,3/14/2025,0.783,0.536,1,-6.841,1,0.0848,0.00345,0.0,0.113,0.226,154.062,4,playboi carti
k pop,playboi carti,2025-03-29,32,00iLTetTLAeImmBlh6jOJh,42,-13,8,RO,3/21/2025,83,True,112992,MUSIC,3/14/2025,0.643,0.686,6,-5.977,0,0.0445,0.0141,0.00018,0.0722,0.15,143.989,4,playboi carti
pop out,playboi carti,2025-03-29,35,3j3SfV4hAcR4XjCvW393Gr,37,-17,13,UA,3/20/2025,83,True,161738,MUSIC,3/14/2025,0.505,0.932,5,-2.094,1,0.0344,0.000117,0.0,0.166,0.156,144.035,4,playboi carti
radar,playboi carti,2025-03-29,37,3lAEHk0eZzMKtCUFLXz8Ln,45,-10,5,RO,3/20/2025,82,True,107933,MUSIC,3/14/2025,0.543,0.732,11,-5.046,0,0.0479,0.00114,0.0,0.609,0.31,147.169,4,playboi carti
dark thoughts,lil tecca,2025-03-29,39,7EW7Yivb93qKAtp5qEm5of,25,-2,-3,,4/2/2025,90,True,136991,Dark Thoughts,3/14/2025,0.801,0.773,1,-3.756,0,0.155,0.055,0.0,0.189,0.709,101.935,4,lil tecca
hba,playboi carti,2025-03-29,42,6q2PbvM9UEig4r8xku7VIb,49,1,-38,EE,3/25/2025,84,True,212598,MUSIC,3/14/2025,0.69,0.746,10,-5.696,0,0.121,0.000251,6.45e-05,0.141,0.278,139.991,4,playboi carti
charge dem hoes a fee / charge dem hoes a fee (with future & travis scott),"playboi carti, future & travis scott / playboi carti, future, travis scott",2025-03-29,43,21aDVa64pWR8SYQ7wBRMkd,49,-12,1,RO,3/21/2025,82,True,225000,MUSIC,3/14/2025,0.817,0.651,9,-4.073,1,0.0479,0.000765,6.37e-06,0.203,0.125,120.004,4,playboi carti
wake up f1lthy / wake up f1lthy (with travis scott),"playboi carti & travis scott / playboi carti, travis scott",2025-03-29,46,1pzN8bCzy017iK3vWzkk6Z,40,-7,10,RO,3/21/2025,82,True,169333,MUSIC,3/14/2025,0.692,0.694,10,-6.018,0,0.0557,0.0647,0.0,0.285,0.318,124.993,4,playboi carti
jumpin / olympian,playboi carti & lil uzi vert / playboi carti,2025-03-29,47,4uoADk7q83CHvXHW3k1etM,47,-11,3,LV,3/19/2025,79,True,174733,MUSIC,3/14/2025,0.498,0.806,0,-6.712,1,0.0322,0.00665,0.00344,0.204,0.635,77.018,4,playboi carti
i seeeeee you baby boi,playboi carti,2025-03-29,48,2ydagYqcyFfRtQPzKc5E8l,43,-17,7,LV,3/19/2025,81,True,158896,MUSIC,3/14/2025,0.552,0.922,7,-4.364,0,0.0395,0.00893,5.12e-05,0.292,0.0962,144.965,4,playboi carti
crank,playboi carti,2025-03-29,49,7xAvtuHf8nGi5OtXVPYgb3,47,-5,3,RO,3/20/2025,81,True,147692,MUSIC,3/14/2025,0.701,0.865,11,-4.031,0,0.0428,0.000288,3.81e-06,0.0979,0.53,142.932,4,playboi carti
like weezy,playboi carti,2025-03-29,50,4zK082ykqJzJGzC64NXjp1,44,-5,6,LV,3/18/2025,78,True,115600,MUSIC,3/14/2025,0.688,0.762,2,-3.551,1,0.0405,0.00283,0.0,0.329,0.234,149.904,4,playboi carti
emergence,sleep token,2025-03-29,51,5NRpxJxtR6JkUhQS4F0um6,39,-10,-28,US,3/21/2025,82,False,386253,Emergence,3/13/2025,0.517,0.584,4,-6.729,0,0.035,0.0225,7.57e-05,0.0826,0.162,126.106,4,sleep token
twin trim / trim (with future),"playboi carti & lil uzi vert / playboi carti, future",2025-03-29,52,4qvsNsA4gQKC9HLrmPC2Vx,46,-5,4,RO,3/20/2025,81,True,193546,MUSIC,3/14/2025,0.827,0.728,1,-5.829,1,0.223,0.0439,0.0,0.176,0.589,137.986,4,playboi carti
olympian,playboi carti,2025-03-29,59,4uoADk7q83CHvXHW3k1etM,47,-11,3,LV,3/19/2025,79,True,174733,MUSIC,3/14/2025,0.498,0.806,0,-6.712,1,0.0322,0.00665,0.00344,0.204,0.635,77.018,4,playboi carti
munyun,playboi carti,2025-03-29,63,2JJFJEvFSWyQ59Pwl2gqSF,48,-5,2,RO,3/18/2025,80,True,154285,MUSIC,3/14/2025,0.733,0.658,1,-9.415,1,0.0517,0.000159,3.48e-05,0.143,0.0376,111.936,5,playboi carti
we need all da vibes / we need all da vibes (with young thug & ty dolla $ign),"playboi carti, young thug & ty dolla $ign / playboi carti, young thug, ty dolla $ign",2025-03-29,65,4XcZp2xqbiD8YsnPboNUDo,49,-4,1,RO,3/20/2025,80,True,181626,MUSIC,3/14/2025,0.759,0.711,1,-4.43,1,0.3,0.0133,0.0,0.137,0.53,179.944,4,playboi carti
opm babi,playboi carti,2025-03-29,69,76yJsfb1CUy5Um8nFL7jKQ,46,-6,4,EE,3/20/2025,79,True,173076,MUSIC,3/14/2025,0.529,0.792,2,-5.763,1,0.0401,0.000126,4.36e-06,0.386,0.0405,77.912,4,playboi carti
cocaine nose,playboi carti,2025-03-29,74,4rXxjHSAglOynjIF8Z34dx,40,-12,10,UA,3/18/2025,79,True,151160,MUSIC,3/14/2025,0.573,0.701,1,-5.864,1,0.0936,0.0264,8.76e-06,0.69,0.332,139.836,4,playboi carti
dis 1 got it,playboi carti,2025-03-29,79,4tMhjP02FRQ0KIUUEJ2oGK,48,-11,2,RO,3/16/2025,71,True,123870,MUSIC,3/14/2025,0.777,0.562,10,-6.845,0,0.141,0.00321,7.89e-06,0.306,0.145,155.076,4,playboi carti
overly,playboi carti,2025-03-29,80,5tRylsadMpm8TydUgq7NWj,45,5,5,US,3/15/2025,70,True,105902,MUSIC,3/14/2025,0.79,0.838,1,-3.322,1,0.0606,0.0305,0.0,0.103,0.317,145.032,4,playboi carti
south atlanta baby,playboi carti,2025-03-29,82,7cHhlnawdN87aZbjO6LMRN,50,-21,0,LV,3/16/2025,71,True,133259,MUSIC,3/14/2025,0.485,0.584,10,-6.684,1,0.0955,0.00261,1.07e-06,0.364,0.113,97.692,3,playboi carti
walk,playboi carti,2025-03-29,90,5Qya13gFXqupr4sSmZMKDg,43,7,7,US,3/15/2025,70,True,94411,MUSIC,3/14/2025,0.727,0.892,5,-5.142,0,0.113,0.0256,0.0,0.168,0.547,136.092,4,playboi carti
just in case,morgan wallen,2025-04-05,18,02Ya2Q08bBKFqUJvjmyRXK,4,1,5,US,4/2/2025,83,False,166206,Just In Case,3/21/2025,0.653,0.499,10,-6.826,1,0.0306,0.678,0.0,0.153,0.436,146.087,4,morgan wallen
i'm a little crazy,morgan wallen,2025-04-05,11,7igCS2ZsfV7bvxuhF4XgiQ,46,-3,-17,US,4/2/2025,81,False,199060,I'm A Little Crazy,3/21/2025,0.639,0.332,9,-7.754,1,0.0363,0.812,4.98e-06,0.127,0.295,149.746,4,morgan wallen
just us / just us (feat. doja cat),"jack harlow & doja cat / jack harlow, doja cat",2025-04-05,51,1SVhTS4l0sLFsP2Abme05l,21,29,29,US,3/22/2025,0,True,172877,Just Us (feat. Doja Cat),3/21/2025,0.654,0.738,3,-7.299,0,0.272,0.0348,0.0,0.114,0.418,67.833,4,jack harlow
ojos tristes / ojos tristes (with the marías),"selena gomez, benny blanco & the marias / selena gomez, benny blanco, the marías",2025-04-05,53,1DpC4L3JjsGRW7y6eTHaMj,43,-7,0,US,4/2/2025,74,False,201920,I Said I Love You First,3/19/2025,0.665,0.639,8,-7.151,1,0.0296,0.709,0.0221,0.203,0.706,110.01,4,selena gomez
mona lisa,j-hope,2025-04-05,59,5Fhr3wqeieN5WDkAsqL1JJ,39,11,-12,,4/2/2025,88,False,137191,MONA LISA,3/21/2025,0.799,0.805,1,-5.009,1,0.0372,0.0278,9.03e-06,0.0535,0.96,137.952,4,j-hope
twilight zone,ariana grande,2025-04-12,12,1YRbAonLvmuUILvQso0gUM,10,-1,40,,4/2/2025,82,False,198320,eternal sunshine deluxe: brighter days ahead,3/28/2025,0.728,0.479,5,-7.424,1,0.0319,0.0883,0.000284,0.102,0.193,114.893,4,ariana grande
dandelion,ariana grande,2025-04-12,32,6wZOZ0votPhc8qdg4UFPtH,36,-6,14,,4/2/2025,81,False,204815,eternal sunshine deluxe: brighter days ahead,3/28/2025,0.59,0.467,10,-7.477,0,0.107,0.62,0.0,0.19,0.367,169.884,4,ariana grande
intro (end of the world),ariana grande,2025-04-12,36,2o1pb13quMReXZqE7jWsgq,50,0,0,PH,3/29/2025,82,True,92400,eternal sunshine,3/8/2024,0.506,0.362,10,-9.48,1,0.0416,0.67,0.0,0.176,0.385,84.726,4,ariana grande
past life,ariana grande,2025-04-12,47,2MIpkAQVJqQIDf9k4YWoHR,34,-8,16,US,4/2/2025,80,True,215834,eternal sunshine deluxe: brighter days ahead,3/28/2025,0.514,0.617,1,-6.2,0,0.138,0.372,0.0,0.0804,0.421,187.008,4,ariana grande
warm,ariana grande,2025-04-12,48,0BeR2fJmYnKNn7IORw3GR9,41,-12,9,US,4/2/2025,80,False,201905,eternal sunshine deluxe: brighter days ahead,3/28/2025,0.736,0.762,8,-6.48,1,0.0681,0.121,1.78e-05,0.0982,0.492,122.047,4,ariana grande
hampstead,ariana grande,2025-04-12,53,4D2DFuqs2PwLiHbcf6CX47,39,-12,11,US,4/2/2025,80,True,216264,eternal sunshine deluxe: brighter days ahead,3/28/2025,0.61,0.265,0,-7.668,1,0.0262,0.893,0.0,0.159,0.145,96.871,4,ariana grande
love me not,ravyn lenae,2025-04-12,75,4WFgvKVfEhb3IUAFGrutTR,26,-1,9,NZ,4/2/2025,80,False,213466,Bird's Eye,8/9/2024,0.779,0.731,0,-6.176,1,0.0306,0.296,0.0,0.128,0.814,114.001,4,ravyn lenae
feel it / here with me,d4vd,2025-04-12,80,5LrN7yUQAzvthd4QujgPFr,49,1,1,KR,3/31/2025,86,False,242484,Petals to Thorns,5/26/2023,0.575,0.45,4,-9.306,1,0.0259,0.531,6.59e-05,0.124,0.263,132.039,4,d4vd
back to friends,sombr,2025-04-12,84,0FTmksd2dxiE5e3rWyJXs6,35,-3,15,SG,4/2/2025,87,False,199032,back to friends,12/27/2024,0.436,0.723,1,-2.291,1,0.0301,9.37e-05,8.82e-05,0.0929,0.235,92.855,4,sombr
morena,"neton vega & peso pluma / neton vega, peso pluma",2025-04-12,87,4oB8Xd7gMlUEtWoD8bmCXW,33,17,17,,4/2/2025,89,False,193728,Mi Vida Mi Muerte,2/14/2025,0.697,0.776,4,-7.409,0,0.0308,0.379,0.00148,0.341,0.189,118.007,3,neton vega
azizam / azar azar,ed sheeran / edis,2025-04-19,22,4xdl1mVmS8lwVdwadHXL3A,44,-4,6,TR,10/1/2024,59,False,180618,Azar Azar,9/27/2024,0.632,0.712,2,-4.494,1,0.124,0.176,0.0,0.268,0.509,96.968,4,edis
back to me / take me back to la,the marias / the weeknd,2025-04-19,80,3W5Y2d0HB3sgubDAYXGRKn,50,-1,0,CA,2/4/2025,46,False,253734,Hurry Up Tomorrow,1/30/2025,0.344,0.571,8,-7.58,0,0.0461,0.0721,0.0,0.093,0.199,207.924,4,the weeknd
undressed,sombr,2025-04-19,90,4AajxCEwGEsmHmT4H1TwjY,33,0,17,NZ,4/2/2025,81,False,182088,undressed,3/21/2025,0.642,0.887,0,-3.883,1,0.0406,0.137,0.0,0.0829,0.888,115.999,4,sombr
fortnight / fortnight (feat. post malone),"taylor swift featuring post malone / taylor swift, post malone",2025-04-26,27,2OzhQlSqBEmt7hmkYxfT6m,50,0,0,CA,11/18/2024,84,False,228965,THE TORTURED POETS DEPARTMENT,4/18/2024,0.504,0.386,11,-10.976,1,0.0308,0.502,1.53e-05,0.0961,0.281,192.004,4,taylor swift
